# File generated by ImageToStl.com - Free Image and 3D model conversion tools

mtllib model.mtl

# default_0
o obj1
v 4.93328632 71.21570252 6.86002783
v 1.77714665 72.82082719 6.86002783
v 0.02981624 73.64958323 6.86002783
v -0.63632971 73.59333888 6.86002783
v -20.90617488 62.91567875 6.86002783
v -40.62745972 52.50160325 6.86002783
v -5.45835019 71.071906 6.86002783
v -37.47067455 54.23432134 6.86002783
v -28.56366141 58.91978511 6.86002783
v -39.26803478 53.27521822 6.86002783
v -38.18511284 42.89599834 6.86002783
v -15.79325037 53.96294327 6.86002783
v -17.86180306 52.80769459 6.86002783
v -14.33005411 54.63116513 6.86002783
v -19.70591286 51.42477484 6.86002783
v -12.65427682 55.35565509 6.86002783
v -9.05118858 56.82204465 6.86002783
v -5.75639197 58.0593563 6.86002783
v -4.46598182 58.49749536 6.86002783
v -3.54229886 58.76483714 6.86002783
v -21.3013969 49.85096565 6.86002783
v -1.64038538 59.07785103 6.86002783
v -22.62408345 48.12305427 6.86002783
v 1.37357483 59.11379528 6.86002783
v -23.64979523 46.27781955 6.86002783
v -24.35435492 44.35205711 6.86002783
v -24.71358524 42.38253742 6.86002783
v -24.70331585 40.40606169 6.86002783
v -24.5008451 39.35772461 6.86002783
v 2.34679138 59.01139451 6.86002783
v 3.27329239 58.85232092 6.86002783
v 4.13447871 58.63688154 6.86002783
v 5.3017623 58.24514593 6.86002783
v 6.91206074 57.64270786 6.86002783
v 10.8268307 56.06950719 6.86002783
v 14.60904281 54.44482282 6.86002783
v 16.05364308 53.77803291 6.86002783
v 16.98895133 53.29619802 6.86002783
v 17.69621445 52.82169881 6.86002783
v 18.50340659 52.18092152 6.86002783
v 19.36202242 51.42234078 6.86002783
v 20.2235608 50.5944368 6.86002783
v 21.76139085 48.92457718 6.86002783
v 22.34067744 48.17957637 6.86002783
v 36.65714045 41.21288816 6.86002783
v 22.72887362 47.55916758 6.86002783
v 23.32965362 46.24093183 6.86002783
v 23.77699437 44.93514273 6.86002783
v 24.07149601 43.6300068 6.86002783
v 24.21374054 42.31373617 6.86002783
v 24.20431694 40.97453737 6.86002783
v 24.04381975 39.60061972 6.86002783
v 23.73283796 38.18019256 6.86002783
v 13.1854363 3.07699245 6.86002783
v 23.27195636 36.70146801 6.86002783
v 21.36022744 30.95392812 6.86002783
v 14.47837542 9.53312275 6.86002783
v 15.47900549 12.82324524 6.86002783
v 12.85865825 3.62451065 6.86002783
v 25.28921236 21.7042011 6.86002783
v 29.2866887 28.53486949 6.86002783
v 26.98029185 24.48395271 6.86002783
v 26.75058587 23.93853361 6.86002783
v 17.92099927 9.48188468 6.86002783
v 14.79996574 4.90685798 6.86002783
v 13.74853584 3.56303949 6.86002783
v 16.22802306 6.93696397 6.86002783
v 21.65488959 15.43017864 6.86002783
v 19.76719002 12.37010825 6.86002783
v 23.47239082 18.49059516 6.86002783
v 39.47804218 46.01918679 6.86002783
v 40.98969911 52.10139868 6.86002783
v 41.42373209 49.23169015 6.86002783
v 41.85414189 51.1824352 6.86002783
v 41.96103674 50.30882282 6.86002783
v 41.3800558 51.77257177 6.86002783
v 24.89195266 60.72055917 6.86002783
v 38.14501785 53.78288707 6.86002783
v 39.4621566 53.05539921 6.86002783
v 33.95411754 55.99462916 6.86002783
v 11.96275274 67.528425 6.86002783
v 18.22014851 64.24607084 6.86002783
v 6.99019349 70.14716024 6.86002783
v -19.76394647 24.38351985 6.86002783
v -21.4422625 29.53441932 6.86002783
v -23.1609359 34.7121046 6.86002783
v -18.20890076 19.53308715 6.86002783
v -13.3377325 2.76634283 6.86002783
v -23.80104187 36.77905644 6.86002783
v -14.08929019 6.27818804 6.86002783
v -15.63833031 11.58530834 6.86002783
v -13.71166486 4.79777751 6.86002783
v -23.86263864 18.24356605 6.86002783
v -28.90437948 26.88083684 6.86002783
v -33.27542252 34.35946188 6.86002783
v -26.54187086 22.77916769 6.86002783
v -18.77440783 9.86598036 6.86002783
v -22.97000739 16.5771677 6.86002783
v -21.53737365 14.22832276 6.86002783
v -14.78860354 3.8570024 6.86002783
v -15.18059596 4.40669228 6.86002783
v -14.05038013 3.05576142 6.86002783
v -42.50391851 50.30368115 6.86002783
v -40.84489212 47.40157898 6.86002783
v -42.28727048 49.73875049 6.86002783
v -42.19611607 51.3191696 6.86002783
v -41.58984827 51.8655601 6.86002783
v -42.4871676 50.8145154 6.86002783
v 0.02981624 73.64958323 0
v 1.77714665 72.82082719 0
v 4.93328632 71.21570252 0
v -0.63632971 73.59333888 0
v -20.90617488 62.91567875 0
v -40.62745972 52.50160325 0
v -5.45835019 71.071906 0
v -37.47067455 54.23432134 0
v -28.56366141 58.91978511 0
v -39.26803478 53.27521822 0
v -38.18511284 42.89599834 0
v -42.50391851 50.30368115 0
v -40.84489212 47.40157898 0
v -42.28727048 49.73875049 0
v -42.19611607 51.3191696 0
v -42.4871676 50.8145154 0
v -41.58984827 51.8655601 0
v -15.79325037 53.96294327 0
v -17.86180306 52.80769459 0
v -14.33005411 54.63116513 0
v -19.70591286 51.42477484 0
v -12.65427682 55.35565509 0
v -9.05118858 56.82204465 0
v -5.75639197 58.0593563 0
v -4.46598182 58.49749536 0
v -3.54229886 58.76483714 0
v -21.3013969 49.85096565 0
v -22.62408345 48.12305427 0
v -23.64979523 46.27781955 0
v -24.35435492 44.35205711 0
v -24.71358524 42.38253742 0
v -1.64038538 59.07785103 0
v -24.70331585 40.40606169 0
v 1.37357483 59.11379528 0
v -24.5008451 39.35772461 0
v 2.34679138 59.01139451 0
v 3.27329239 58.85232092 0
v 4.13447871 58.63688154 0
v 5.3017623 58.24514593 0
v 6.91206074 57.64270786 0
v 10.8268307 56.06950719 0
v 14.60904281 54.44482282 0
v 16.05364308 53.77803291 0
v 16.98895133 53.29619802 0
v 17.69621445 52.82169881 0
v 18.50340659 52.18092152 0
v 19.36202242 51.42234078 0
v 20.2235608 50.5944368 0
v 21.76139085 48.92457718 0
v 22.34067744 48.17957637 0
v 36.65714045 41.21288816 0
v 22.72887362 47.55916758 0
v 23.32965362 46.24093183 0
v 23.77699437 44.93514273 0
v 24.07149601 43.6300068 0
v 24.21374054 42.31373617 0
v 24.20431694 40.97453737 0
v 24.04381975 39.60061972 0
v 23.73283796 38.18019256 0
v 13.1854363 3.07699245 0
v 23.27195636 36.70146801 0
v 21.36022744 30.95392812 0
v 14.47837542 9.53312275 0
v 15.47900549 12.82324524 0
v 12.85865825 3.62451065 0
v 25.28921236 21.7042011 0
v 29.2866887 28.53486949 0
v 26.98029185 24.48395271 0
v 26.75058587 23.93853361 0
v 17.92099927 9.48188468 0
v 21.65488959 15.43017864 0
v 23.47239082 18.49059516 0
v 19.76719002 12.37010825 0
v 14.79996574 4.90685798 0
v 16.22802306 6.93696397 0
v 13.74853584 3.56303949 0
v 39.47804218 46.01918679 0
v 40.98969911 52.10139868 0
v 41.42373209 49.23169015 0
v 41.85414189 51.1824352 0
v 41.96103674 50.30882282 0
v 41.3800558 51.77257177 0
v 24.89195266 60.72055917 0
v 11.96275274 67.528425 0
v 6.99019349 70.14716024 0
v 18.22014851 64.24607084 0
v 38.14501785 53.78288707 0
v 33.95411754 55.99462916 0
v 39.4621566 53.05539921 0
v -23.1609359 34.7121046 0
v -21.4422625 29.53441932 0
v -19.76394647 24.38351985 0
v -18.20890076 19.53308715 0
v -13.3377325 2.76634283 0
v -23.80104187 36.77905644 0
v -14.08929019 6.27818804 0
v -15.63833031 11.58530834 0
v -13.71166486 4.79777751 0
v -23.86263864 18.24356605 0
v -28.90437948 26.88083684 0
v -33.27542252 34.35946188 0
v -26.54187086 22.77916769 0
v -18.77440783 9.86598036 0
v -22.97000739 16.5771677 0
v -21.53737365 14.22832276 0
v -14.78860354 3.8570024 0
v -14.05038013 3.05576142 0
v -15.18059596 4.40669228 0
v 39.4621566 53.05539921 3.43001392
v 38.14501785 53.78288707 3.43001392
v 33.95411754 55.99462916 3.43001392
v 24.89195266 60.72055917 3.43001392
v 18.22014851 64.24607084 3.43001392
v 11.96275274 67.528425 3.43001392
v 6.99019349 70.14716024 3.43001392
v 4.93328632 71.21570252 3.43001392
v 1.77714665 72.82082719 3.43001392
v 0.02981624 73.64958323 3.43001392
v 40.98969911 52.10139868 3.43001392
v 41.3800558 51.77257177 3.43001392
v 41.85414189 51.1824352 3.43001392
v 41.96103674 50.30882282 3.43001392
v 41.42373209 49.23169015 3.43001392
v 39.47804218 46.01918679 3.43001392
v 36.65714045 41.21288816 3.43001392
v 29.2866887 28.53486949 3.43001392
v 26.98029185 24.48395271 3.43001392
v 26.75058587 23.93853361 3.43001392
v 25.28921236 21.7042011 3.43001392
v 23.47239082 18.49059516 3.43001392
v 21.65488959 15.43017864 3.43001392
v 19.76719002 12.37010825 3.43001392
v 17.92099927 9.48188468 3.43001392
v 16.22802306 6.93696397 3.43001392
v 14.79996574 4.90685798 3.43001392
v 13.74853584 3.56303949 3.43001392
v 13.1854363 3.07699245 3.43001392
v 12.85865825 3.62451065 3.43001392
v 14.47837542 9.53312275 3.43001392
v 15.47900549 12.82324524 3.43001392
v 21.36022744 30.95392812 3.43001392
v 23.27195636 36.70146801 3.43001392
v 23.73283796 38.18019256 3.43001392
v 24.04381975 39.60061972 3.43001392
v 24.20431694 40.97453737 3.43001392
v 24.21374054 42.31373617 3.43001392
v 24.07149601 43.6300068 3.43001392
v 23.77699437 44.93514273 3.43001392
v 23.32965362 46.24093183 3.43001392
v 22.72887362 47.55916758 3.43001392
v 22.34067744 48.17957637 3.43001392
v 21.76139085 48.92457718 3.43001392
v 20.2235608 50.5944368 3.43001392
v 19.36202242 51.42234078 3.43001392
v 18.50340659 52.18092152 3.43001392
v 17.69621445 52.82169881 3.43001392
v 16.98895133 53.29619802 3.43001392
v 16.05364308 53.77803291 3.43001392
v 14.60904281 54.44482282 3.43001392
v 10.8268307 56.06950719 3.43001392
v 6.91206074 57.64270786 3.43001392
v 5.3017623 58.24514593 3.43001392
v 4.13447871 58.63688154 3.43001392
v 3.27329239 58.85232092 3.43001392
v 2.34679138 59.01139451 3.43001392
v 1.37357483 59.11379528 3.43001392
v -1.64038538 59.07785103 3.43001392
v -3.54229886 58.76483714 3.43001392
v -4.46598182 58.49749536 3.43001392
v -5.75639197 58.0593563 3.43001392
v -9.05118858 56.82204465 3.43001392
v -12.65427682 55.35565509 3.43001392
v -14.33005411 54.63116513 3.43001392
v -15.79325037 53.96294327 3.43001392
v -17.86180306 52.80769459 3.43001392
v -19.70591286 51.42477484 3.43001392
v -21.3013969 49.85096565 3.43001392
v -22.62408345 48.12305427 3.43001392
v -23.64979523 46.27781955 3.43001392
v -24.35435492 44.35205711 3.43001392
v -24.71358524 42.38253742 3.43001392
v -24.70331585 40.40606169 3.43001392
v -24.5008451 39.35772461 3.43001392
v -23.80104187 36.77905644 3.43001392
v -23.1609359 34.7121046 3.43001392
v -21.4422625 29.53441932 3.43001392
v -19.76394647 24.38351985 3.43001392
v -18.20890076 19.53308715 3.43001392
v -15.63833031 11.58530834 3.43001392
v -14.08929019 6.27818804 3.43001392
v -13.71166486 4.79777751 3.43001392
v -13.3377325 2.76634283 3.43001392
v -14.05038013 3.05576142 3.43001392
v -14.78860354 3.8570024 3.43001392
v -15.18059596 4.40669228 3.43001392
v -18.77440783 9.86598036 3.43001392
v -21.53737365 14.22832276 3.43001392
v -22.97000739 16.5771677 3.43001392
v -23.86263864 18.24356605 3.43001392
v -26.54187086 22.77916769 3.43001392
v -28.90437948 26.88083684 3.43001392
v -33.27542252 34.35946188 3.43001392
v -38.18511284 42.89599834 3.43001392
v -40.84489212 47.40157898 3.43001392
v -42.28727048 49.73875049 3.43001392
v -42.50391851 50.30368115 3.43001392
v -42.4871676 50.8145154 3.43001392
v -42.19611607 51.3191696 3.43001392
v -41.58984827 51.8655601 3.43001392
v -40.62745972 52.50160325 3.43001392
v -39.26803478 53.27521822 3.43001392
v -37.47067455 54.23432134 3.43001392
v -28.56366141 58.91978511 3.43001392
v -20.90617488 62.91567875 3.43001392
v -5.45835019 71.071906 3.43001392
v -0.63632971 73.59333888 3.43001392
v 54.1792415 106.360297 6.86002783
v 53.17123388 107.14684151 6.86002783
v 52.70542414 107.29558152 6.86002783
v 53.59080765 93.69278289 6.86002783
v 50.77935744 95.94223964 6.86002783
v 49.48618525 96.88010476 6.86002783
v 47.58291831 96.2597811 6.86002783
v 8.89788122 81.15924724 6.86002783
v -44.20167211 63.84069388 6.86002783
v -34.04233265 68.81667464 6.86002783
v -37.97002238 66.91345655 6.86002783
v -42.16576848 64.94035696 6.86002783
v -29.09525774 71.243891 6.86002783
v -23.72063975 73.90146232 6.86002783
v -18.51029983 76.49574251 6.86002783
v -14.05607449 78.73309003 6.86002783
v -10.94979187 80.31985998 6.86002783
v -9.78328288 80.96240874 6.86002783
v 50.69555545 106.98241968 6.86002783
v -44.7813802 63.61772902 6.86002783
v 24.84115563 87.36516262 6.86002783
v 43.32404019 94.57817965 6.86002783
v 27.90395875 98.1308121 6.86002783
v 47.33850191 105.72384072 6.86002783
v -0.07638684 76.59268688 6.86002783
v 45.83133068 51.72709506 6.86002783
v 22.94510853 74.20962135 6.86002783
v 43.91344822 63.85597096 6.86002783
v 31.24072754 70.12672195 6.86002783
v 37.51072208 67.0792601 6.86002783
v 44.69882595 63.57823697 6.86002783
v 46.13293073 63.74140966 6.86002783
v 76.396978 86.16331441 6.86002783
v 41.84790322 65.01406262 6.86002783
v 40.76973496 65.54829399 6.86002783
v 46.74554886 64.26671568 6.86002783
v 47.78343791 65.34438011 6.86002783
v 49.43682297 67.18032939 6.86002783
v 51.89590959 69.98049416 6.86002783
v 55.3509117 73.95080017 6.86002783
v 64.6404769 84.65235619 6.86002783
v 66.98132183 71.9454451 6.86002783
v 61.79535181 86.96248734 6.86002783
v 66.83924199 95.11477809 6.86002783
v 59.48661302 101.72538183 6.86002783
v 56.40152652 104.44780744 6.86002783
v 63.08301945 98.50903199 6.86002783
v 73.42523717 89.05660672 6.86002783
v 70.40381026 91.85863123 6.86002783
v 75.55201886 87.02471741 6.86002783
v 70.9151637 76.46474454 6.86002783
v 76.25484792 82.65596787 6.86002783
v 73.30309875 79.11730783 6.86002783
v 75.06471013 81.13943125 6.86002783
v 77.13994112 84.6716945 6.86002783
v 76.92831194 83.79177114 6.86002783
v 76.94455762 85.42059099 6.86002783
v 51.07252761 53.5394281 6.86002783
v 55.63141471 58.77875203 6.86002783
v 49.09430727 51.33715707 6.86002783
v 50.0692932 52.40244046 6.86002783
v 48.14862497 50.92995737 6.86002783
v 48.67419756 51.03833442 6.86002783
v 47.28015706 51.12266397 6.86002783
v 40.24280577 54.61369127 6.86002783
v 43.56469385 52.85388868 6.86002783
v 29.4834623 60.47487689 6.86002783
v 35.62821444 57.11714085 6.86002783
v -8.84565432 71.82318386 6.86002783
v -3.13004088 74.92538972 6.86002783
v -47.83727193 50.74052781 6.86002783
v -46.38423899 63.53543437 6.86002783
v -46.85449814 63.70277316 6.86002783
v -47.66544186 64.32822871 6.86002783
v -54.55920598 72.25597329 6.86002783
v -58.90050157 77.25450818 6.86002783
v -38.35635394 55.7501011 6.86002783
v -26.03141065 62.45510001 6.86002783
v -46.19357007 51.46525782 6.86002783
v -65.13681286 84.53266579 6.86002783
v -62.63946238 81.66198936 6.86002783
v -77.6231354 83.79131231 6.86002783
v -55.11670048 92.69946615 6.86002783
v -57.65077399 90.58436627 6.86002783
v -53.85747672 93.71375711 6.86002783
v -51.63423146 95.43889598 6.86002783
v -50.17733529 96.47020721 6.86002783
v -46.66116069 105.07284848 6.86002783
v -49.04246628 96.38595442 6.86002783
v -48.55303053 96.21888081 6.86002783
v -47.98454369 96.01615884 6.86002783
v -45.12390427 94.91927874 6.86002783
v -13.30306808 82.50920877 6.86002783
v -10.06150605 81.13878575 6.86002783
v -51.94411625 53.84501979 6.86002783
v -49.71301055 51.48907643 6.86002783
v -49.07667151 50.94683668 6.86002783
v -50.63721619 52.4217622 6.86002783
v -56.08525512 58.56376206 6.86002783
v -53.72852181 55.85897781 6.86002783
v -76.84112684 82.57950528 6.86002783
v -7.89027067 89.99279634 6.86002783
v -2.77393321 88.05189988 6.86002783
v -36.37562976 101.0806157 6.86002783
v -42.29253217 103.38702371 6.86002783
v -0.23916855 87.16457254 6.86002783
v 8.41931571 90.5646998 6.86002783
v 12.73309624 92.24922309 6.86002783
v 4.29744345 88.94663721 6.86002783
v -63.18215155 98.65826188 6.86002783
v -53.88742234 107.02273518 6.86002783
v -51.80049 106.86522754 6.86002783
v -49.74323531 106.20870842 6.86002783
v -53.09464475 107.11302985 6.86002783
v -56.99193107 104.2900374 6.86002783
v -54.44055675 106.66496475 6.86002783
v -73.83667136 89.01569387 6.86002783
v -69.11451247 93.32426365 6.86002783
v -71.77443131 90.91529018 6.86002783
v -76.4538546 86.46632514 6.86002783
v -75.37267446 87.55589748 6.86002783
v -77.53747996 85.1195459 6.86002783
v 52.70542414 107.29558152 0
v 53.17123388 107.14684151 0
v 54.1792415 106.360297 0
v 53.59080765 93.69278289 0
v 50.77935744 95.94223964 0
v 49.48618525 96.88010476 0
v 47.58291831 96.2597811 0
v 8.89788122 81.15924724 0
v -44.20167211 63.84069388 0
v -34.04233265 68.81667464 0
v -37.97002238 66.91345655 0
v -42.16576848 64.94035696 0
v -29.09525774 71.243891 0
v -23.72063975 73.90146232 0
v -18.51029983 76.49574251 0
v -14.05607449 78.73309003 0
v -10.94979187 80.31985998 0
v -9.78328288 80.96240874 0
v 50.69555545 106.98241968 0
v -44.7813802 63.61772902 0
v 24.84115563 87.36516262 0
v 43.32404019 94.57817965 0
v 27.90395875 98.1308121 0
v 47.33850191 105.72384072 0
v -0.07638684 76.59268688 0
v -47.83727193 50.74052781 0
v -46.38423899 63.53543437 0
v -46.85449814 63.70277316 0
v -47.66544186 64.32822871 0
v -54.55920598 72.25597329 0
v -58.90050157 77.25450818 0
v -65.13681286 84.53266579 0
v -62.63946238 81.66198936 0
v 45.83133068 51.72709506 0
v 22.94510853 74.20962135 0
v 43.91344822 63.85597096 0
v 31.24072754 70.12672195 0
v 37.51072208 67.0792601 0
v 44.69882595 63.57823697 0
v 46.13293073 63.74140966 0
v 76.396978 86.16331441 0
v 41.84790322 65.01406262 0
v 40.76973496 65.54829399 0
v 46.74554886 64.26671568 0
v 47.78343791 65.34438011 0
v 49.43682297 67.18032939 0
v 51.89590959 69.98049416 0
v 55.3509117 73.95080017 0
v 64.6404769 84.65235619 0
v 66.98132183 71.9454451 0
v 61.79535181 86.96248734 0
v 66.83924199 95.11477809 0
v 59.48661302 101.72538183 0
v 56.40152652 104.44780744 0
v 63.08301945 98.50903199 0
v 73.42523717 89.05660672 0
v 70.40381026 91.85863123 0
v 75.55201886 87.02471741 0
v 70.9151637 76.46474454 0
v 76.25484792 82.65596787 0
v 73.30309875 79.11730783 0
v 75.06471013 81.13943125 0
v 77.13994112 84.6716945 0
v 76.94455762 85.42059099 0
v 76.92831194 83.79177114 0
v 55.63141471 58.77875203 0
v 51.07252761 53.5394281 0
v 49.09430727 51.33715707 0
v 50.0692932 52.40244046 0
v 48.14862497 50.92995737 0
v 48.67419756 51.03833442 0
v 47.28015706 51.12266397 0
v 43.56469385 52.85388868 0
v 40.24280577 54.61369127 0
v 29.4834623 60.47487689 0
v 35.62821444 57.11714085 0
v -3.13004088 74.92538972 0
v -8.84565432 71.82318386 0
v -38.35635394 55.7501011 0
v -26.03141065 62.45510001 0
v -46.19357007 51.46525782 0
v -49.07667151 50.94683668 0
v -49.71301055 51.48907643 0
v -51.94411625 53.84501979 0
v -50.63721619 52.4217622 0
v -77.6231354 83.79131231 0
v -56.08525512 58.56376206 0
v -53.72852181 55.85897781 0
v -76.84112684 82.57950528 0
v -55.11670048 92.69946615 0
v -53.85747672 93.71375711 0
v -57.65077399 90.58436627 0
v -51.63423146 95.43889598 0
v -50.17733529 96.47020721 0
v -46.66116069 105.07284848 0
v -49.04246628 96.38595442 0
v -48.55303053 96.21888081 0
v -47.98454369 96.01615884 0
v -45.12390427 94.91927874 0
v -13.30306808 82.50920877 0
v -10.06150605 81.13878575 0
v -7.89027067 89.99279634 0
v -2.77393321 88.05189988 0
v -36.37562976 101.0806157 0
v -42.29253217 103.38702371 0
v -0.23916855 87.16457254 0
v 8.41931571 90.5646998 0
v 4.29744345 88.94663721 0
v 12.73309624 92.24922309 0
v -51.80049 106.86522754 0
v -49.74323531 106.20870842 0
v -53.88742234 107.02273518 0
v -53.09464475 107.11302985 0
v -63.18215155 98.65826188 0
v -56.99193107 104.2900374 0
v -54.44055675 106.66496475 0
v -73.83667136 89.01569387 0
v -69.11451247 93.32426365 0
v -71.77443131 90.91529018 0
v -76.4538546 86.46632514 0
v -77.53747996 85.1195459 0
v -75.37267446 87.55589748 0
v 53.17123388 107.14684151 3.43001392
v 54.1792415 106.360297 3.43001392
v 56.40152652 104.44780744 3.43001392
v 59.48661302 101.72538183 3.43001392
v 63.08301945 98.50903199 3.43001392
v 66.83924199 95.11477809 3.43001392
v 70.40381026 91.85863123 3.43001392
v 73.42523717 89.05660672 3.43001392
v 75.55201886 87.02471741 3.43001392
v 76.396978 86.16331441 3.43001392
v 76.94455762 85.42059099 3.43001392
v 77.13994112 84.6716945 3.43001392
v 76.92831194 83.79177114 3.43001392
v 76.25484792 82.65596787 3.43001392
v 75.06471013 81.13943125 3.43001392
v 73.30309875 79.11730783 3.43001392
v 70.9151637 76.46474454 3.43001392
v 66.98132183 71.9454451 3.43001392
v 55.63141471 58.77875203 3.43001392
v 51.07252761 53.5394281 3.43001392
v 50.0692932 52.40244046 3.43001392
v 49.09430727 51.33715707 3.43001392
v 48.67419756 51.03833442 3.43001392
v 48.14862497 50.92995737 3.43001392
v 47.28015706 51.12266397 3.43001392
v 45.83133068 51.72709506 3.43001392
v 43.56469385 52.85388868 3.43001392
v 40.24280577 54.61369127 3.43001392
v 35.62821444 57.11714085 3.43001392
v 29.4834623 60.47487689 3.43001392
v -0.07638684 76.59268688 3.43001392
v -3.13004088 74.92538972 3.43001392
v -8.84565432 71.82318386 3.43001392
v -26.03141065 62.45510001 3.43001392
v -38.35635394 55.7501011 3.43001392
v -46.19357007 51.46525782 3.43001392
v -47.83727193 50.74052781 3.43001392
v -49.07667151 50.94683668 3.43001392
v -49.71301055 51.48907643 3.43001392
v -50.63721619 52.4217622 3.43001392
v -51.94411625 53.84501979 3.43001392
v -53.72852181 55.85897781 3.43001392
v -56.08525512 58.56376206 3.43001392
v -76.84112684 82.57950528 3.43001392
v -77.6231354 83.79131231 3.43001392
v -77.53747996 85.1195459 3.43001392
v -76.4538546 86.46632514 3.43001392
v -75.37267446 87.55589748 3.43001392
v -73.83667136 89.01569387 3.43001392
v -71.77443131 90.91529018 3.43001392
v -69.11451247 93.32426365 3.43001392
v -63.18215155 98.65826188 3.43001392
v -56.99193107 104.2900374 3.43001392
v -54.44055675 106.66496475 3.43001392
v -53.88742234 107.02273518 3.43001392
v -53.09464475 107.11302985 3.43001392
v -51.80049 106.86522754 3.43001392
v -49.74323531 106.20870842 3.43001392
v -46.66116069 105.07284848 3.43001392
v -42.29253217 103.38702371 3.43001392
v -36.37562976 101.0806157 3.43001392
v -7.89027067 89.99279634 3.43001392
v -2.77393321 88.05189988 3.43001392
v -0.23916855 87.16457254 3.43001392
v 4.29744345 88.94663721 3.43001392
v 8.41931571 90.5646998 3.43001392
v 12.73309624 92.24922309 3.43001392
v 27.90395875 98.1308121 3.43001392
v 47.33850191 105.72384072 3.43001392
v 50.69555545 106.98241968 3.43001392
v 52.70542414 107.29558152 3.43001392
v -65.13681286 84.53266579 3.43001392
v -57.65077399 90.58436627 3.43001392
v -55.11670048 92.69946615 3.43001392
v -53.85747672 93.71375711 3.43001392
v -51.63423146 95.43889598 3.43001392
v -50.17733529 96.47020721 3.43001392
v -62.63946238 81.66198936 3.43001392
v -58.90050157 77.25450818 3.43001392
v -54.55920598 72.25597329 3.43001392
v -47.66544186 64.32822871 3.43001392
v -46.85449814 63.70277316 3.43001392
v -46.38423899 63.53543437 3.43001392
v -44.7813802 63.61772902 3.43001392
v -44.20167211 63.84069388 3.43001392
v -42.16576848 64.94035696 3.43001392
v -37.97002238 66.91345655 3.43001392
v -34.04233265 68.81667464 3.43001392
v -29.09525774 71.243891 3.43001392
v -23.72063975 73.90146232 3.43001392
v -18.51029983 76.49574251 3.43001392
v -14.05607449 78.73309003 3.43001392
v -10.94979187 80.31985998 3.43001392
v -9.78328288 80.96240874 3.43001392
v -10.06150605 81.13878575 3.43001392
v -13.30306808 82.50920877 3.43001392
v -45.12390427 94.91927874 3.43001392
v -47.98454369 96.01615884 3.43001392
v -48.55303053 96.21888081 3.43001392
v -49.04246628 96.38595442 3.43001392
v 47.58291831 96.2597811 3.43001392
v 43.32404019 94.57817965 3.43001392
v 24.84115563 87.36516262 3.43001392
v 8.89788122 81.15924724 3.43001392
v 22.94510853 74.20962135 3.43001392
v 31.24072754 70.12672195 3.43001392
v 37.51072208 67.0792601 3.43001392
v 40.76973496 65.54829399 3.43001392
v 41.84790322 65.01406262 3.43001392
v 43.91344822 63.85597096 3.43001392
v 44.69882595 63.57823697 3.43001392
v 46.13293073 63.74140966 3.43001392
v 46.74554886 64.26671568 3.43001392
v 47.78343791 65.34438011 3.43001392
v 49.43682297 67.18032939 3.43001392
v 51.89590959 69.98049416 3.43001392
v 55.3509117 73.95080017 3.43001392
v 64.6404769 84.65235619 3.43001392
v 61.79535181 86.96248734 3.43001392
v 53.59080765 93.69278289 3.43001392
v 50.77935744 95.94223964 3.43001392
v 49.48618525 96.88010476 3.43001392
v 60.02614237 120.86932565 6.86002783
v 59.17475754 121.66973202 6.86002783
v 58.65838524 121.9198679 6.86002783
v 49.2532413 118.62366305 6.86002783
v 14.55977823 106.14547312 6.86002783
v 40.43390455 115.47218703 6.86002783
v 4.14976973 102.4379876 6.86002783
v -0.50455388 100.80522924 6.86002783
v 54.4571318 110.59731325 6.86002783
v 55.530351 110.44114545 6.86002783
v 56.37342877 110.1102669 6.86002783
v 57.49503327 109.57316882 6.86002783
v 58.95083524 108.80159154 6.86002783
v 63.0876866 106.44194127 6.86002783
v -6.45240454 92.9854779 6.86002783
v -65.71209386 115.10451008 6.86002783
v 53.36577439 110.26262729 6.86002783
v 50.91589924 109.4287247 6.86002783
v 47.39894585 108.19939074 6.86002783
v 38.32954021 104.969581 6.86002783
v 33.35996421 103.17667716 6.86002783
v -5.35459039 102.51091168 6.86002783
v 28.48905135 101.40349004 6.86002783
v -11.45444257 104.69113242 6.86002783
v 77.98455972 99.34153332 6.86002783
v 72.69717428 100.91351278 6.86002783
v 68.59843606 103.21064094 6.86002783
v 78.09923964 97.83394479 6.86002783
v 79.69906423 97.06117979 6.86002783
v 65.79256855 114.55303653 6.86002783
v 68.73114253 111.01707125 6.86002783
v 76.0135969 101.84931369 6.86002783
v 67.33826323 112.72779069 6.86002783
v 62.63162985 118.12111912 6.86002783
v 64.19128687 116.38631589 6.86002783
v 61.2108426 119.65095613 6.86002783
v -59.35606704 121.52266682 6.86002783
v -55.66326962 120.55244853 6.86002783
v -51.0170746 118.92414656 6.86002783
v -58.34007615 121.40930721 6.86002783
v -61.09165744 120.16056497 6.86002783
v -60.03320449 121.1438775 6.86002783
v -63.48951295 117.61822626 6.86002783
v -67.13044146 113.42824989 6.86002783
v -71.91586914 107.41974646 6.86002783
v -78.50284688 99.11034374 6.86002783
v -75.3907401 99.57412277 6.86002783
v -76.28378308 101.95545627 6.86002783
v -79.69906423 97.07999909 6.86002783
v -79.47816777 97.78127197 6.86002783
v -78.22684911 97.8248715 6.86002783
v -58.68435598 109.06909243 6.86002783
v -56.39832763 110.24440255 6.86002783
v -54.97701003 110.46286496 6.86002783
v -51.84508465 109.51548552 6.86002783
v -29.74059052 101.4938866 6.86002783
v -37.52456998 104.30351545 6.86002783
v -19.96707598 97.94265541 6.86002783
v -13.92322984 95.69580229 6.86002783
v -9.0480511 93.92175962 6.86002783
v -62.0800251 107.13913458 6.86002783
v -60.83925218 107.7471414 6.86002783
v -69.9882672 102.57648893 6.86002783
v -73.48750107 100.59871102 6.86002783
v -66.01429684 104.85146492 6.86002783
v -4.43045523 92.26898587 6.86002783
v -2.89575865 91.74771754 6.86002783
v 0.49447732 91.20990557 6.86002783
v -0.9423476 91.19258453 6.86002783
v 8.89540599 94.20658714 6.86002783
v 3.18986654 92.14740153 6.86002783
v 16.27892198 96.90340836 6.86002783
v 58.65838524 121.9198679 0
v 59.17475754 121.66973202 0
v 60.02614237 120.86932565 0
v 49.2532413 118.62366305 0
v 14.55977823 106.14547312 0
v 40.43390455 115.47218703 0
v 4.14976973 102.4379876 0
v -0.50455388 100.80522924 0
v 54.4571318 110.59731325 0
v 55.530351 110.44114545 0
v 56.37342877 110.1102669 0
v 57.49503327 109.57316882 0
v 58.95083524 108.80159154 0
v 63.0876866 106.44194127 0
v -6.45240454 92.9854779 0
v -65.71209386 115.10451008 0
v 53.36577439 110.26262729 0
v 50.91589924 109.4287247 0
v 47.39894585 108.19939074 0
v 38.32954021 104.969581 0
v 33.35996421 103.17667716 0
v -5.35459039 102.51091168 0
v 28.48905135 101.40349004 0
v -11.45444257 104.69113242 0
v 77.98455972 99.34153332 0
v 72.69717428 100.91351278 0
v 68.59843606 103.21064094 0
v 78.09923964 97.83394479 0
v 79.69906423 97.06117979 0
v 65.79256855 114.55303653 0
v 62.63162985 118.12111912 0
v 61.2108426 119.65095613 0
v 64.19128687 116.38631589 0
v 68.73114253 111.01707125 0
v 67.33826323 112.72779069 0
v 76.0135969 101.84931369 0
v -55.66326962 120.55244853 0
v -51.0170746 118.92414656 0
v -59.35606704 121.52266682 0
v -58.34007615 121.40930721 0
v -61.09165744 120.16056497 0
v -60.03320449 121.1438775 0
v -63.48951295 117.61822626 0
v -71.91586914 107.41974646 0
v -67.13044146 113.42824989 0
v -78.50284688 99.11034374 0
v -75.3907401 99.57412277 0
v -76.28378308 101.95545627 0
v -79.69906423 97.07999909 0
v -79.47816777 97.78127197 0
v -78.22684911 97.8248715 0
v -58.68435598 109.06909243 0
v -56.39832763 110.24440255 0
v -54.97701003 110.46286496 0
v -51.84508465 109.51548552 0
v -29.74059052 101.4938866 0
v -37.52456998 104.30351545 0
v -19.96707598 97.94265541 0
v -13.92322984 95.69580229 0
v -9.0480511 93.92175962 0
v -62.0800251 107.13913458 0
v -60.83925218 107.7471414 0
v -69.9882672 102.57648893 0
v -66.01429684 104.85146492 0
v -73.48750107 100.59871102 0
v -2.89575865 91.74771754 0
v -4.43045523 92.26898587 0
v 0.49447732 91.20990557 0
v -0.9423476 91.19258453 0
v 8.89540599 94.20658714 0
v 16.27892198 96.90340836 0
v 3.18986654 92.14740153 0
v 59.17475754 121.66973202 3.43001392
v 60.02614237 120.86932565 3.43001392
v 61.2108426 119.65095613 3.43001392
v 62.63162985 118.12111912 3.43001392
v 64.19128687 116.38631589 3.43001392
v 65.79256855 114.55303653 3.43001392
v 67.33826323 112.72779069 3.43001392
v 68.73114253 111.01707125 3.43001392
v 76.0135969 101.84931369 3.43001392
v 77.98455972 99.34153332 3.43001392
v 79.69906423 97.06117979 3.43001392
v 78.09923964 97.83394479 3.43001392
v 72.69717428 100.91351278 3.43001392
v 68.59843606 103.21064094 3.43001392
v 63.0876866 106.44194127 3.43001392
v 58.95083524 108.80159154 3.43001392
v 57.49503327 109.57316882 3.43001392
v 56.37342877 110.1102669 3.43001392
v 55.530351 110.44114545 3.43001392
v 54.4571318 110.59731325 3.43001392
v 53.36577439 110.26262729 3.43001392
v 50.91589924 109.4287247 3.43001392
v 47.39894585 108.19939074 3.43001392
v 38.32954021 104.969581 3.43001392
v 33.35996421 103.17667716 3.43001392
v 28.48905135 101.40349004 3.43001392
v 16.27892198 96.90340836 3.43001392
v 8.89540599 94.20658714 3.43001392
v 3.18986654 92.14740153 3.43001392
v 0.49447732 91.20990557 3.43001392
v -0.9423476 91.19258453 3.43001392
v -2.89575865 91.74771754 3.43001392
v -4.43045523 92.26898587 3.43001392
v -6.45240454 92.9854779 3.43001392
v -9.0480511 93.92175962 3.43001392
v -13.92322984 95.69580229 3.43001392
v -19.96707598 97.94265541 3.43001392
v -29.74059052 101.4938866 3.43001392
v -37.52456998 104.30351545 3.43001392
v -51.84508465 109.51548552 3.43001392
v -54.97701003 110.46286496 3.43001392
v -56.39832763 110.24440255 3.43001392
v -58.68435598 109.06909243 3.43001392
v -60.83925218 107.7471414 3.43001392
v -62.0800251 107.13913458 3.43001392
v -66.01429684 104.85146492 3.43001392
v -69.9882672 102.57648893 3.43001392
v -73.48750107 100.59871102 3.43001392
v -75.3907401 99.57412277 3.43001392
v -78.22684911 97.8248715 3.43001392
v -79.69906423 97.07999909 3.43001392
v -79.47816777 97.78127197 3.43001392
v -78.50284688 99.11034374 3.43001392
v -76.28378308 101.95545627 3.43001392
v -71.91586914 107.41974646 3.43001392
v -67.13044146 113.42824989 3.43001392
v -65.71209386 115.10451008 3.43001392
v -63.48951295 117.61822626 3.43001392
v -61.09165744 120.16056497 3.43001392
v -60.03320449 121.1438775 3.43001392
v -59.35606704 121.52266682 3.43001392
v -58.34007615 121.40930721 3.43001392
v -55.66326962 120.55244853 3.43001392
v -51.0170746 118.92414656 3.43001392
v -11.45444257 104.69113242 3.43001392
v -5.35459039 102.51091168 3.43001392
v -0.50455388 100.80522924 3.43001392
v 4.14976973 102.4379876 3.43001392
v 14.55977823 106.14547312 3.43001392
v 40.43390455 115.47218703 3.43001392
v 49.2532413 118.62366305 3.43001392
v 58.65838524 121.9198679 3.43001392
v 8.61032447 157.60867702 6.86002783
v 0.69944083 162.30077304 6.86002783
v -0.23916855 162.83364781 6.86002783
v 22.87583972 149.10808201 6.86002783
v 13.19322976 154.88037003 6.86002783
v 48.07216983 134.0325735 6.86002783
v 30.57850429 144.5045556 6.86002783
v 36.2676128 130.6866407 6.86002783
v 37.22355332 129.64423803 6.86002783
v 37.25003488 128.49950159 6.86002783
v 35.41641498 131.34380323 6.86002783
v 34.28061366 132.12175316 6.86002783
v 37.04686071 128.20960568 6.86002783
v 36.17882546 127.6005549 6.86002783
v 31.0478088 134.13034899 6.86002783
v -3.25661161 105.71236408 6.86002783
v 34.37594114 126.78181493 6.86002783
v 29.49268493 124.86692481 6.86002783
v 9.71784101 117.18303767 6.86002783
v 6.57010959 115.96539947 6.86002783
v 1.00189779 113.83688156 6.86002783
v 0.08871949 113.54450972 6.86002783
v -1.16355609 113.67580936 6.86002783
v -2.63030173 114.14749768 6.86002783
v -8.39312514 116.34769194 6.86002783
v -20.41815436 120.96085131 6.86002783
v -24.8611445 122.67722603 6.86002783
v -28.60296924 124.13714524 6.86002783
v -31.66071164 125.34743101 6.86002783
v -35.79226222 127.04641003 6.86002783
v -36.90023934 127.54876136 6.86002783
v -37.39245527 127.82878984 6.86002783
v -59.63501806 126.50207955 6.86002783
v -37.85068369 128.46100047 6.86002783
v -37.77088451 129.50656853 6.86002783
v -37.54177309 129.87163835 6.86002783
v -36.78286297 130.61251354 6.86002783
v -34.02225445 132.40447809 6.86002783
v -28.66891215 135.73787213 6.86002783
v -25.69738067 137.56452202 6.86002783
v -22.89056271 139.27481718 6.86002783
v -1.33819889 152.2243535 6.86002783
v -11.94636471 145.80079828 6.86002783
v -54.29149853 124.34346806 6.86002783
v -57.54995592 125.5892068 6.86002783
v -11.35112066 108.66570571 6.86002783
v -29.05068543 145.5342297 6.86002783
v -57.67864285 128.44136609 6.86002783
v -59.96074098 126.89998963 6.86002783
v -56.22109908 129.33051514 6.86002783
v -17.49479324 152.49232333 6.86002783
v -0.27910317 152.84636173 6.86002783
v 0.43839922 152.64851067 6.86002783
v 0.69018296 152.5033101 6.86002783
v 15.26130512 143.66540806 6.86002783
v 28.4297714 135.70600047 6.86002783
v -1.00626468 104.92978887 6.86002783
v -0.2059145 104.82414455 6.86002783
v 23.33073527 113.39116398 6.86002783
v 5.05725447 106.69194038 6.86002783
v 59.58525941 126.77899846 6.86002783
v 55.18208512 125.04397471 6.86002783
v 47.23626025 122.10691085 6.86002783
v 58.37581663 126.26349707 6.86002783
v 58.94509622 127.55336709 6.86002783
v 59.37320595 127.24370003 6.86002783
v 57.26845361 128.59621637 6.86002783
v -0.23916855 162.83364781 0
v 0.69944083 162.30077304 0
v 8.61032447 157.60867702 0
v 22.87583972 149.10808201 0
v 13.19322976 154.88037003 0
v 48.07216983 134.0325735 0
v 30.57850429 144.5045556 0
v 36.2676128 130.6866407 0
v 35.41641498 131.34380323 0
v 34.28061366 132.12175316 0
v 37.22355332 129.64423803 0
v 37.25003488 128.49950159 0
v 37.04686071 128.20960568 0
v 36.17882546 127.6005549 0
v 31.0478088 134.13034899 0
v -3.25661161 105.71236408 0
v 34.37594114 126.78181493 0
v 29.49268493 124.86692481 0
v 9.71784101 117.18303767 0
v 6.57010959 115.96539947 0
v 1.00189779 113.83688156 0
v 0.08871949 113.54450972 0
v -1.16355609 113.67580936 0
v -2.63030173 114.14749768 0
v -8.39312514 116.34769194 0
v -20.41815436 120.96085131 0
v -24.8611445 122.67722603 0
v -28.60296924 124.13714524 0
v -31.66071164 125.34743101 0
v -35.79226222 127.04641003 0
v -36.90023934 127.54876136 0
v -37.39245527 127.82878984 0
v -59.63501806 126.50207955 0
v -37.85068369 128.46100047 0
v -37.77088451 129.50656853 0
v -37.54177309 129.87163835 0
v -36.78286297 130.61251354 0
v -34.02225445 132.40447809 0
v -28.66891215 135.73787213 0
v -25.69738067 137.56452202 0
v -22.89056271 139.27481718 0
v -1.33819889 152.2243535 0
v -11.94636471 145.80079828 0
v -54.29149853 124.34346806 0
v -11.35112066 108.66570571 0
v -57.54995592 125.5892068 0
v -29.05068543 145.5342297 0
v -57.67864285 128.44136609 0
v -59.96074098 126.89998963 0
v -56.22109908 129.33051514 0
v -17.49479324 152.49232333 0
v -0.27910317 152.84636173 0
v 0.43839922 152.64851067 0
v 0.69018296 152.5033101 0
v 15.26130512 143.66540806 0
v 28.4297714 135.70600047 0
v 57.26845361 128.59621637 0
v 58.94509622 127.55336709 0
v 59.58525941 126.77899846 0
v 59.37320595 127.24370003 0
v 23.33073527 113.39116398 0
v 55.18208512 125.04397471 0
v 58.37581663 126.26349707 0
v 47.23626025 122.10691085 0
v -0.2059145 104.82414455 0
v 5.05725447 106.69194038 0
v -1.00626468 104.92978887 0
v 58.94509622 127.55336709 3.43001392
v 57.26845361 128.59621637 3.43001392
v 48.07216983 134.0325735 3.43001392
v 30.57850429 144.5045556 3.43001392
v 22.87583972 149.10808201 3.43001392
v 13.19322976 154.88037003 3.43001392
v 8.61032447 157.60867702 3.43001392
v 0.69944083 162.30077304 3.43001392
v -0.23916855 162.83364781 3.43001392
v 59.37320595 127.24370003 3.43001392
v 59.58525941 126.77899846 3.43001392
v 58.37581663 126.26349707 3.43001392
v 55.18208512 125.04397471 3.43001392
v 47.23626025 122.10691085 3.43001392
v 23.33073527 113.39116398 3.43001392
v 5.05725447 106.69194038 3.43001392
v -0.2059145 104.82414455 3.43001392
v -1.00626468 104.92978887 3.43001392
v -3.25661161 105.71236408 3.43001392
v -11.35112066 108.66570571 3.43001392
v -54.29149853 124.34346806 3.43001392
v -57.54995592 125.5892068 3.43001392
v -59.63501806 126.50207955 3.43001392
v -59.96074098 126.89998963 3.43001392
v -57.67864285 128.44136609 3.43001392
v -56.22109908 129.33051514 3.43001392
v -29.05068543 145.5342297 3.43001392
v -17.49479324 152.49232333 3.43001392
v -36.78286297 130.61251354 3.43001392
v -34.02225445 132.40447809 3.43001392
v -28.66891215 135.73787213 3.43001392
v -25.69738067 137.56452202 3.43001392
v -22.89056271 139.27481718 3.43001392
v -11.94636471 145.80079828 3.43001392
v -1.33819889 152.2243535 3.43001392
v -0.27910317 152.84636173 3.43001392
v -37.54177309 129.87163835 3.43001392
v -37.77088451 129.50656853 3.43001392
v -37.85068369 128.46100047 3.43001392
v -37.39245527 127.82878984 3.43001392
v -36.90023934 127.54876136 3.43001392
v -35.79226222 127.04641003 3.43001392
v -31.66071164 125.34743101 3.43001392
v -28.60296924 124.13714524 3.43001392
v -24.8611445 122.67722603 3.43001392
v -20.41815436 120.96085131 3.43001392
v -8.39312514 116.34769194 3.43001392
v -2.63030173 114.14749768 3.43001392
v -1.16355609 113.67580936 3.43001392
v 0.08871949 113.54450972 3.43001392
v 1.00189779 113.83688156 3.43001392
v 6.57010959 115.96539947 3.43001392
v 9.71784101 117.18303767 3.43001392
v 29.49268493 124.86692481 3.43001392
v 34.37594114 126.78181493 3.43001392
v 36.17882546 127.6005549 3.43001392
v 37.04686071 128.20960568 3.43001392
v 37.25003488 128.49950159 3.43001392
v 37.22355332 129.64423803 3.43001392
v 36.2676128 130.6866407 3.43001392
v 35.41641498 131.34380323 3.43001392
v 34.28061366 132.12175316 3.43001392
v 31.0478088 134.13034899 3.43001392
v 28.4297714 135.70600047 3.43001392
v 15.26130512 143.66540806 3.43001392
v 0.69018296 152.5033101 3.43001392
v 0.43839922 152.64851067 3.43001392
vn 0 0 1
vn 0 0 -1
vn 0.48348 0.87536 0
vn 0.46674 0.8844 0
vn 0.4624 0.88667 0
vn 0.4672 0.88415 0
vn 0.46453 0.88556 0
vn 0.46597 0.8848 0
vn 0.461 0.8874 0
vn 0.45332 0.89135 0
vn 0.42854 0.90352 0
vn 0.52971 0.84818 0
vn 0.64425 0.76481 0
vn 0.7796 0.62628 0
vn 0.9926 0.12146 0
vn 0.89484 -0.44638 0
vn 0.85535 -0.51805 0
vn 0.86243 -0.50618 0
vn 0.86452 -0.5026 0
vn 0.86902 -0.49478 0
vn 0.9216 -0.38814 0
vn 0.83689 -0.54737 0
vn 0.87051 -0.49215 0
vn 0.85981 -0.51062 0
vn 0.85109 -0.52502 0
vn 0.84257 -0.53858 0
vn 0.8326 -0.55388 0
vn 0.81791 -0.57535 0
vn 0.78758 -0.61622 0
vn 0.65342 -0.757 0
vn -0.85869 -0.51249 0
vn -0.96442 0.26437 0
vn -0.95673 0.29097 0
vn -0.95121 0.30855 0
vn -0.94889 0.31562 0
vn -0.9547 0.29756 0
vn -0.97686 0.21387 0
vn -0.99325 0.11603 0
vn -0.99998 0.00704 0
vn -0.99421 -0.10744 0
vn -0.97547 -0.22011 0
vn -0.94603 -0.32409 0
vn -0.90995 -0.41471 0
vn -0.84773 -0.53043 0
vn -0.78943 -0.61384 0
vn -0.73559 -0.67743 0
vn -0.69289 -0.72104 0
vn -0.6621 -0.74941 0
vn -0.62175 -0.78322 0
vn -0.55713 -0.83043 0
vn -0.45796 -0.88897 0
vn -0.41908 -0.90795 0
vn -0.39469 -0.91882 0
vn -0.37288 -0.92788 0
vn -0.3504 -0.9366 0
vn -0.31816 -0.94804 0
vn -0.24269 -0.9701 0
vn -0.16922 -0.98558 0
vn -0.10464 -0.99451 0
vn 0.01192 -0.99993 0
vn 0.1624 -0.98673 0
vn 0.27802 -0.96058 0
vn 0.32151 -0.94691 0
vn 0.35156 -0.93616 0
vn 0.37696 -0.92623 0
vn 0.39683 -0.91789 0
vn 0.41542 -0.90963 0
vn 0.48759 -0.87307 0
vn 0.59996 -0.80003 0
vn 0.70225 -0.71193 0
vn 0.79406 -0.60784 0
vn 0.87404 -0.48585 0
vn 0.93912 -0.34359 0
vn 0.98377 -0.17944 0
vn 0.99999 0.0052 0
vn 0.98186 0.18963 0
vn 0.96509 0.26191 0
vn 0.95524 0.29583 0
vn 0.94908 0.31504 0
vn 0.9508 0.3098 0
vn 0.95226 0.30529 0
vn 0.95147 0.30774 0
vn 0.95995 0.28019 0
vn 0.96897 0.24717 0
vn 0.98348 0.18103 0
vn -0.37628 -0.92651 0
vn -0.73543 -0.6776 0
vn -0.81418 -0.58061 0
vn -0.83526 -0.54985 0
vn -0.84481 -0.53507 0
vn -0.85373 -0.52072 0
vn -0.8815 -0.47219 0
vn -0.861 -0.5086 0
vn -0.86654 -0.49911 0
vn -0.86335 -0.5046 0
vn -0.86685 -0.49856 0
vn -0.86115 -0.50836 0
vn -0.85099 -0.52519 0
vn -0.9337 -0.35806 0
vn -0.99946 0.03277 0
vn -0.86625 0.4996 0
vn -0.66947 0.74284 0
vn -0.55137 0.83426 0
vn -0.4946 0.86912 0
vn -0.47078 0.88225 0
vn -0.46556 0.88502 0
vn -0.46263 0.88655 0
vn -0.4669 0.88431 0
vn -0.46337 0.88616 0
vn -0.08413 0.99645 0
vn 0.61518 0.78839 0
vn 0.6523 0.75796 0
vn 0.66166 0.7498 0
vn 0.66662 0.74539 0
vn 0.67045 0.74195 0
vn 0.67444 0.73833 0
vn 0.67998 0.73323 0
vn 0.69079 0.72305 0
vn 0.71389 0.70026 0
vn 0.80489 0.59342 0
vn 0.96761 0.25245 0
vn 0.97227 -0.23384 0
vn 0.86016 -0.51003 0
vn 0.78668 -0.61736 0
vn 0.75401 -0.65687 0
vn 0.74321 -0.66906 0
vn 0.75427 -0.65656 0
vn 0.75743 -0.65292 0
vn 0.7544 -0.65642 0
vn 0.74983 -0.66163 0
vn 0.73768 -0.67515 0
vn 0.57962 -0.81489 0
vn 0.20196 -0.97939 0
vn -0.21662 -0.97626 0
vn -0.38502 -0.92291 0
vn -0.44515 -0.89546 0
vn -0.46813 -0.88366 0
vn -0.47685 -0.87898 0
vn -0.47952 -0.87753 0
vn -0.47872 -0.87797 0
vn 0.47922 -0.87769 0
vn 0.47703 -0.87889 0
vn 0.47862 -0.87802 0
vn 0.47788 -0.87843 0
vn 0.47971 -0.87743 0
vn 0.40344 -0.91501 0
vn -0.1642 -0.98643 0
vn -0.64858 -0.76114 0
vn -0.71033 -0.70387 0
vn -0.73658 -0.67636 0
vn -0.74847 -0.66316 0
vn -0.75395 -0.65693 0
vn -0.75659 -0.65389 0
vn -0.84024 -0.54222 0
vn -0.99793 0.06435 0
vn -0.77912 0.62688 0
vn -0.70983 0.70437 0
vn -0.6889 0.72486 0
vn -0.67751 0.73552 0
vn -0.67128 0.74121 0
vn -0.66861 0.74361 0
vn -0.67295 0.73968 0
vn -0.68134 0.73196 0
vn -0.5431 0.83967 0
vn -0.11316 0.99358 0
vn 0.18806 0.98216 0
vn 0.30402 0.95267 0
vn 0.3458 0.93831 0
vn 0.36002 0.93295 0
vn 0.36318 0.93172 0
vn 0.36274 0.93189 0
vn 0.35469 0.93498 0
vn 0.3304 0.94384 0
vn -0.36562 0.93076 0
vn -0.36541 0.93085 0
vn -0.36375 0.9315 0
vn -0.36147 0.93238 0
vn -0.36391 0.93143 0
vn -0.35105 0.93636 0
vn -0.15395 0.98808 0
vn 0.30418 0.95261 0
vn 0.62867 -0.77767 0
vn 0.64079 -0.76772 0
vn 0.6273 -0.77878 0
vn 0.61304 -0.79005 0
vn 0.57777 -0.8162 0
vn 0.75446 0.65634 0
vn 0.76257 0.64691 0
vn 0.755 0.65573 0
vn 0.7546 0.65618 0
vn 0.61072 0.79184 0
vn 0.33525 0.94213 0
vn -0.05127 0.99868 0
vn -0.35898 0.93335 0
vn -0.47524 0.87986 0
vn -0.42556 0.90493 0
vn -0.43607 0.89991 0
vn -0.44048 0.89776 0
vn -0.44324 0.8964 0
vn -0.44572 0.89517 0
vn -0.44886 0.8936 0
vn -0.45491 0.89054 0
vn -0.48248 0.87591 0
vn -0.53542 -0.84459 0
vn -0.3894 -0.92107 0
vn -0.36334 -0.93166 0
vn -0.35802 -0.93371 0
vn -0.33588 -0.9419 0
vn -0.32306 -0.94638 0
vn -0.07404 -0.99726 0
vn 0.36725 -0.93012 0
vn 0.36355 -0.93157 0
vn 0.36274 -0.93189 0
vn 0.44343 0.89631 0
vn 0.44159 0.89722 0
vn 0.43714 0.89939 0
vn 0.42519 0.90511 0
vn 0.44398 0.89604 0
vn 0.48905 0.87226 0
vn 0.3334 0.94279 0
vn -0.11305 0.99359 0
vn -0.65094 0.75913 0
vn -0.72027 0.69369 0
vn -0.74309 0.66919 0
vn -0.75139 0.65986 0
vn -0.75436 0.65646 0
vn -0.75517 0.65553 0
vn -0.63034 -0.77632 0
vn -0.63422 -0.77315 0
vn -0.62474 -0.78083 0
vn -0.5871 -0.80952 0
vn 0.30988 -0.95078 0
vn 0.68496 0.72858 0
vn 0.71694 0.69713 0
vn 0.73274 0.68051 0
vn 0.74365 0.66857 0
vn 0.75315 0.65785 0
vn 0.76313 0.64625 0
vn 0.77547 0.63139 0
vn 0.78302 0.622 0
vn 0.78623 0.61793 0
vn 0.79929 0.60095 0
vn -0.43495 -0.90046 0
vn -0.49525 -0.86875 0
vn -0.4889 -0.87234 0
vn -0.50582 -0.86264 0
vn -0.49546 -0.86863 0
vn -0.46829 -0.88357 0
vn -0.4319 -0.90192 0
vn -0.36534 -0.93087 0
vn -0.144 -0.98958 0
vn 0.29319 -0.95605 0
vn 0.32223 -0.94666 0
vn 0.32997 -0.94399 0
vn 0.33548 -0.94205 0
vn 0.33937 -0.94065 0
vn 0.34207 -0.93967 0
vn 0.34581 -0.9383 0
vn 0.34308 -0.93931 0
vn 0.33948 -0.94061 0
vn 0.32851 -0.9445 0
vn 0.01205 -0.99993 0
vn -0.27336 -0.96191 0
vn -0.32161 -0.94687 0
vn -0.33401 -0.94257 0
vn -0.33931 -0.94067 0
vn -0.34196 -0.93972 0
vn -0.34846 -0.93732 0
vn -0.34151 -0.93988 0
vn -0.33951 -0.9406 0
vn -0.342 -0.9397 0
vn -0.28953 -0.95717 0
vn 0.15192 -0.98839 0
vn 0.45724 -0.88934 0
vn 0.52291 -0.85239 0
vn 0.44003 -0.89798 0
vn 0.50267 -0.86448 0
vn 0.49682 -0.86785 0
vn 0.49205 -0.87057 0
vn 0.47402 -0.88052 0
vn 0.52496 -0.85113 0
vn 0.45146 -0.89229 0
vn -0.9538 0.30044 0
vn -0.80621 0.59163 0
vn -0.78852 0.61501 0
vn -0.78111 0.62439 0
vn -0.78222 0.623 0
vn -0.76339 0.64593 0
vn -0.74916 0.66239 0
vn -0.72748 0.68613 0
vn -0.68062 0.73264 0
vn -0.4882 0.87273 0
vn 0.11089 0.99383 0
vn 0.30487 0.95239 0
vn 0.33074 0.94372 0
vn 0.33852 0.94096 0
vn 0.33657 0.94166 0
vn 0.33177 0.94336 0
vn -0.33103 0.94362 0
vn -0.3355 0.94204 0
vn -0.33911 0.94075 0
vn -0.3365 0.94168 0
vn -0.33074 0.94372 0
vn 0.43596 0.89997 0
vn 0.52816 0.84915 0
vn 0.50888 0.86084 0
vn 0.51362 0.85802 0
vn 0.51301 0.85838 0
vn 0.51206 0.85895 0
vn 0.51154 0.85926 0
vn 0.51014 0.86009 0
vn 0.49372 0.86962 0
vn 0.58608 0.81025 0
vn 0.90976 0.41513 0
vn 0.3921 -0.91992 0
vn 0.35673 -0.93421 0
vn 0.34671 -0.93797 0
vn 0.34254 -0.9395 0
vn 0.34421 -0.93889 0
vn 0.33445 -0.94241 0
vn -0.13086 -0.9914 0
vn -0.32846 -0.94452 0
vn -0.34276 -0.93942 0
vn -0.34296 -0.93935 0
vn -0.3571 -0.93407 0
vn -0.40106 -0.91605 0
vn -0.7738 -0.63343 0
vn -0.55971 0.82869 0
vn -0.52078 0.85369 0
vn -0.5122 0.85886 0
vn -0.51583 0.85669 0
vn -0.51406 0.85776 0
vn 0.54447 -0.83878 0
vn 0.52858 -0.84888 0
vn 0.52368 -0.85191 0
vn 0.52035 -0.85395 0
vn 0.51215 -0.85889 0
vn 0.51797 -0.8554 0
vn 0.50642 -0.86229 0
vn 0.69855 -0.71556 0
vn 0.84701 -0.53157 0
vn 0.9971 -0.0761 0
vn 0.80969 0.58686 0
vn 0.49449 0.86918 0
vn 0.41293 0.91076 0
vn 0.38032 0.92486 0
vn 0.36803 0.92981 0
vn 0.36348 0.9316 0
vn 0.36036 0.93281 0
vn 0.35818 0.93365 0
vn 0.35668 0.93423 0
vn 0.30615 0.95198 0
vn 0.10428 0.99455 0
vn -0.30492 0.95238 0
vn -0.35706 0.93408 0
vn -0.36078 0.93265 0
vn -0.36219 0.93211 0
vn -0.36507 0.93098 0
vn -0.41349 0.91051 0
vn -0.57436 0.8186 0
vn -0.8189 0.57394 0
vn -0.99973 -0.02313 0
vn -0.73701 -0.67588 0
vn -0.61111 -0.79154 0
vn -0.56509 -0.82503 0
vn -0.52775 -0.8494 0
vn -0.51566 -0.85679 0
vn -0.51728 -0.85582 0
vn -0.5186 -0.85502 0
vn -0.49957 -0.86628 0
vn -0.26582 -0.96402 0
usemtl mat0
f 1//1 2//1 3//1
f 1//1 3//1 4//1
f 1//1 4//1 5//1
f 1//1 5//1 6//1
f 4//1 7//1 5//1
f 5//1 8//1 6//1
f 5//1 9//1 8//1
f 8//1 10//1 6//1
f 1//1 6//1 11//1
f 1//1 11//1 12//1
f 11//1 13//1 12//1
f 1//1 12//1 14//1
f 11//1 15//1 13//1
f 1//1 14//1 16//1
f 1//1 16//1 17//1
f 1//1 17//1 18//1
f 1//1 18//1 19//1
f 1//1 19//1 20//1
f 11//1 21//1 15//1
f 1//1 20//1 22//1
f 11//1 23//1 21//1
f 1//1 22//1 24//1
f 11//1 25//1 23//1
f 11//1 26//1 25//1
f 11//1 27//1 26//1
f 11//1 28//1 27//1
f 11//1 29//1 28//1
f 1//1 24//1 30//1
f 1//1 30//1 31//1
f 31//1 32//1 1//1
f 32//1 33//1 1//1
f 33//1 34//1 1//1
f 34//1 35//1 1//1
f 35//1 36//1 1//1
f 36//1 37//1 1//1
f 37//1 38//1 1//1
f 38//1 39//1 1//1
f 39//1 40//1 1//1
f 40//1 41//1 1//1
f 41//1 42//1 1//1
f 42//1 43//1 1//1
f 43//1 44//1 1//1
f 44//1 45//1 1//1
f 44//1 46//1 45//1
f 46//1 47//1 45//1
f 47//1 48//1 45//1
f 48//1 49//1 45//1
f 49//1 50//1 45//1
f 50//1 51//1 45//1
f 51//1 52//1 45//1
f 52//1 53//1 45//1
f 53//1 54//1 45//1
f 53//1 55//1 54//1
f 55//1 56//1 54//1
f 56//1 57//1 54//1
f 56//1 58//1 57//1
f 57//1 59//1 54//1
f 54//1 60//1 45//1
f 60//1 61//1 45//1
f 60//1 62//1 61//1
f 60//1 63//1 62//1
f 54//1 64//1 60//1
f 54//1 65//1 64//1
f 54//1 66//1 65//1
f 65//1 67//1 64//1
f 64//1 68//1 60//1
f 64//1 69//1 68//1
f 68//1 70//1 60//1
f 45//1 71//1 1//1
f 71//1 72//1 1//1
f 71//1 73//1 72//1
f 73//1 74//1 72//1
f 73//1 75//1 74//1
f 74//1 76//1 72//1
f 72//1 77//1 1//1
f 72//1 78//1 77//1
f 72//1 79//1 78//1
f 78//1 80//1 77//1
f 77//1 81//1 1//1
f 77//1 82//1 81//1
f 81//1 83//1 1//1
f 84//1 85//1 86//1
f 87//1 84//1 86//1
f 88//1 87//1 86//1
f 88//1 86//1 89//1
f 88//1 90//1 87//1
f 90//1 91//1 87//1
f 88//1 92//1 90//1
f 11//1 88//1 89//1
f 11//1 89//1 29//1
f 11//1 93//1 88//1
f 11//1 94//1 93//1
f 11//1 95//1 94//1
f 94//1 96//1 93//1
f 93//1 97//1 88//1
f 93//1 98//1 97//1
f 98//1 99//1 97//1
f 97//1 100//1 88//1
f 97//1 101//1 100//1
f 100//1 102//1 88//1
f 103//1 104//1 11//1
f 103//1 105//1 104//1
f 6//1 103//1 11//1
f 6//1 106//1 103//1
f 6//1 107//1 106//1
f 106//1 108//1 103//1
f 109//2 110//2 111//2
f 112//2 109//2 111//2
f 113//2 112//2 111//2
f 114//2 113//2 111//2
f 113//2 115//2 112//2
f 114//2 116//2 113//2
f 116//2 117//2 113//2
f 114//2 118//2 116//2
f 119//2 114//2 111//2
f 119//2 120//2 114//2
f 119//2 121//2 120//2
f 121//2 122//2 120//2
f 120//2 123//2 114//2
f 120//2 124//2 123//2
f 123//2 125//2 114//2
f 126//2 119//2 111//2
f 126//2 127//2 119//2
f 128//2 126//2 111//2
f 127//2 129//2 119//2
f 130//2 128//2 111//2
f 131//2 130//2 111//2
f 132//2 131//2 111//2
f 133//2 132//2 111//2
f 134//2 133//2 111//2
f 129//2 135//2 119//2
f 135//2 136//2 119//2
f 136//2 137//2 119//2
f 137//2 138//2 119//2
f 138//2 139//2 119//2
f 140//2 134//2 111//2
f 139//2 141//2 119//2
f 142//2 140//2 111//2
f 141//2 143//2 119//2
f 144//2 142//2 111//2
f 145//2 144//2 111//2
f 111//2 146//2 145//2
f 111//2 147//2 146//2
f 111//2 148//2 147//2
f 111//2 149//2 148//2
f 111//2 150//2 149//2
f 111//2 151//2 150//2
f 111//2 152//2 151//2
f 111//2 153//2 152//2
f 111//2 154//2 153//2
f 111//2 155//2 154//2
f 111//2 156//2 155//2
f 111//2 157//2 156//2
f 111//2 158//2 157//2
f 111//2 159//2 158//2
f 159//2 160//2 158//2
f 159//2 161//2 160//2
f 159//2 162//2 161//2
f 159//2 163//2 162//2
f 159//2 164//2 163//2
f 159//2 165//2 164//2
f 159//2 166//2 165//2
f 159//2 167//2 166//2
f 159//2 168//2 167//2
f 168//2 169//2 167//2
f 168//2 170//2 169//2
f 168//2 171//2 170//2
f 171//2 172//2 170//2
f 168//2 173//2 171//2
f 159//2 174//2 168//2
f 159//2 175//2 174//2
f 175//2 176//2 174//2
f 176//2 177//2 174//2
f 174//2 178//2 168//2
f 174//2 179//2 178//2
f 174//2 180//2 179//2
f 179//2 181//2 178//2
f 178//2 182//2 168//2
f 178//2 183//2 182//2
f 182//2 184//2 168//2
f 111//2 185//2 159//2
f 111//2 186//2 185//2
f 186//2 187//2 185//2
f 186//2 188//2 187//2
f 188//2 189//2 187//2
f 186//2 190//2 188//2
f 111//2 191//2 186//2
f 111//2 192//2 191//2
f 111//2 193//2 192//2
f 192//2 194//2 191//2
f 191//2 195//2 186//2
f 191//2 196//2 195//2
f 195//2 197//2 186//2
f 198//2 199//2 200//2
f 198//2 200//2 201//2
f 198//2 201//2 202//2
f 203//2 198//2 202//2
f 201//2 204//2 202//2
f 201//2 205//2 204//2
f 204//2 206//2 202//2
f 203//2 202//2 119//2
f 143//2 203//2 119//2
f 202//2 207//2 119//2
f 207//2 208//2 119//2
f 208//2 209//2 119//2
f 207//2 210//2 208//2
f 202//2 211//2 207//2
f 211//2 212//2 207//2
f 211//2 213//2 212//2
f 202//2 214//2 211//2
f 202//2 215//2 214//2
f 214//2 216//2 211//2
f 217//3 197//3 195//4
f 218//4 217//3 195//4
f 79//3 217//3 218//4
f 218//4 195//4 196//5
f 78//4 79//3 218//4
f 219//5 218//4 196//5
f 78//4 218//4 219//5
f 219//5 196//5 191//6
f 80//5 78//4 219//5
f 220//6 219//5 191//6
f 80//5 219//5 220//6
f 220//6 191//6 194//7
f 77//6 80//5 220//6
f 221//7 220//6 194//7
f 77//6 220//6 221//7
f 221//7 194//7 192//8
f 82//7 77//6 221//7
f 222//8 221//7 192//8
f 82//7 221//7 222//8
f 222//8 192//8 193//9
f 81//8 82//7 222//8
f 223//9 222//8 193//9
f 81//8 222//8 223//9
f 223//9 193//9 111//10
f 83//9 81//8 223//9
f 224//10 223//9 111//10
f 83//9 223//9 224//10
f 224//10 111//10 110//10
f 1//10 83//9 224//10
f 225//10 224//10 110//10
f 1//10 224//10 225//10
f 225//10 110//10 109//11
f 2//10 1//10 225//10
f 226//11 225//10 109//11
f 2//10 225//10 226//11
f 3//11 2//10 226//11
f 79//12 72//12 217//12
f 72//12 227//12 217//12
f 217//12 227//12 197//12
f 227//12 186//12 197//12
f 72//13 76//13 227//13
f 76//13 228//13 227//13
f 227//13 228//13 186//13
f 228//13 190//13 186//13
f 76//14 74//14 228//14
f 74//14 229//14 228//14
f 228//14 229//14 190//14
f 229//14 188//14 190//14
f 74//15 75//15 229//15
f 75//15 230//15 229//15
f 229//15 230//15 188//15
f 230//15 189//15 188//15
f 75//16 73//16 230//16
f 73//16 231//16 230//16
f 230//16 231//16 189//16
f 231//16 187//16 189//16
f 73//17 71//17 231//17
f 71//17 232//17 231//17
f 231//17 232//17 187//17
f 71//17 45//18 232//17
f 232//17 185//17 187//17
f 45//18 233//18 232//17
f 232//17 233//18 185//17
f 45//18 61//19 233//18
f 233//18 159//18 185//17
f 61//19 234//19 233//18
f 233//18 234//19 159//18
f 61//19 62//20 234//19
f 234//19 175//19 159//18
f 62//20 235//20 234//19
f 234//19 235//20 175//19
f 235//20 176//20 175//19
f 62//21 63//21 235//21
f 63//21 236//21 235//21
f 235//21 236//21 176//21
f 236//21 177//21 176//21
f 63//22 60//22 236//22
f 60//22 237//22 236//22
f 236//22 237//22 177//22
f 237//22 174//22 177//22
f 60//23 70//23 237//23
f 70//23 238//23 237//23
f 237//23 238//23 174//23
f 70//23 68//24 238//23
f 238//23 180//23 174//23
f 68//24 239//24 238//23
f 238//23 239//24 180//23
f 68//24 69//25 239//24
f 239//24 179//24 180//23
f 69//25 240//25 239//24
f 239//24 240//25 179//24
f 69//25 64//26 240//25
f 240//25 181//25 179//24
f 64//26 241//26 240//25
f 240//25 241//26 181//25
f 64//26 67//27 241//26
f 241//26 178//26 181//25
f 67//27 242//27 241//26
f 241//26 242//27 178//26
f 67//27 65//28 242//27
f 242//27 183//27 178//26
f 65//28 243//28 242//27
f 242//27 243//28 183//27
f 243//28 182//28 183//27
f 65//29 66//29 243//29
f 66//29 244//29 243//29
f 243//29 244//29 182//29
f 244//29 184//29 182//29
f 66//30 54//30 244//30
f 54//30 245//30 244//30
f 244//30 245//30 184//30
f 245//30 168//30 184//30
f 54//31 59//31 245//31
f 59//31 246//31 245//31
f 245//31 246//31 168//31
f 246//31 173//31 168//31
f 59//32 57//32 246//32
f 57//32 247//32 246//32
f 246//32 247//32 173//32
f 57//32 58//33 247//32
f 247//32 171//32 173//32
f 58//33 248//33 247//32
f 247//32 248//33 171//32
f 58//33 56//34 248//33
f 248//33 172//33 171//32
f 56//34 249//34 248//33
f 248//33 249//34 172//33
f 56//34 55//35 249//34
f 249//34 170//34 172//33
f 55//35 250//35 249//34
f 249//34 250//35 170//34
f 55//35 53//36 250//35
f 250//35 169//35 170//34
f 53//36 251//36 250//35
f 250//35 251//36 169//35
f 251//36 167//36 169//35
f 53//37 52//37 251//37
f 52//37 252//37 251//37
f 251//37 252//37 167//37
f 252//37 166//37 167//37
f 52//38 51//38 252//38
f 51//38 253//38 252//38
f 252//38 253//38 166//38
f 253//38 165//38 166//38
f 51//39 50//39 253//39
f 50//39 254//39 253//39
f 253//39 254//39 165//39
f 254//39 164//39 165//39
f 50//40 49//40 254//40
f 49//40 255//40 254//40
f 254//40 255//40 164//40
f 255//40 163//40 164//40
f 49//41 48//41 255//41
f 48//41 256//41 255//41
f 255//41 256//41 163//41
f 256//41 162//41 163//41
f 48//42 47//42 256//42
f 47//42 257//42 256//42
f 256//42 257//42 162//42
f 257//42 161//42 162//42
f 47//43 46//43 257//43
f 46//43 258//43 257//43
f 257//43 258//43 161//43
f 258//43 160//43 161//43
f 46//44 44//44 258//44
f 44//44 259//44 258//44
f 258//44 259//44 160//44
f 259//44 158//44 160//44
f 44//45 43//45 259//45
f 43//45 260//45 259//45
f 259//45 260//45 158//45
f 260//45 157//45 158//45
f 43//46 42//46 260//46
f 42//46 261//46 260//46
f 260//46 261//46 157//46
f 261//46 156//46 157//46
f 42//47 41//47 261//47
f 41//47 262//47 261//47
f 41//47 40//48 262//47
f 261//47 262//47 156//47
f 40//48 263//48 262//47
f 262//47 155//47 156//47
f 262//47 263//48 155//47
f 263//48 154//48 155//47
f 40//49 39//49 263//49
f 39//49 264//49 263//49
f 263//49 264//49 154//49
f 264//49 153//49 154//49
f 39//50 38//50 264//50
f 38//50 265//50 264//50
f 264//50 265//50 153//50
f 265//50 152//50 153//50
f 38//51 37//51 265//51
f 37//51 266//51 265//51
f 265//51 266//51 152//51
f 37//51 36//52 266//51
f 266//51 151//51 152//51
f 36//52 267//52 266//51
f 266//51 267//52 151//51
f 36//52 35//53 267//52
f 267//52 150//52 151//51
f 35//53 268//53 267//52
f 267//52 268//53 150//52
f 35//53 34//54 268//53
f 268//53 149//53 150//52
f 34//54 269//54 268//53
f 268//53 269//54 149//53
f 34//54 33//55 269//54
f 269//54 148//54 149//53
f 33//55 270//55 269//54
f 269//54 270//55 148//54
f 33//55 32//56 270//55
f 270//55 147//55 148//54
f 32//56 271//56 270//55
f 270//55 271//56 147//55
f 271//56 146//56 147//55
f 32//57 31//57 271//57
f 31//57 272//57 271//57
f 271//57 272//57 146//57
f 272//57 145//57 146//57
f 31//58 30//58 272//58
f 30//58 273//58 272//58
f 272//58 273//58 145//58
f 273//58 144//58 145//58
f 30//59 24//59 273//59
f 24//59 274//59 273//59
f 273//59 274//59 144//59
f 274//59 142//59 144//59
f 24//60 22//60 274//60
f 22//60 275//60 274//60
f 274//60 275//60 142//60
f 275//60 140//60 142//60
f 22//61 20//61 275//61
f 20//61 276//61 275//61
f 275//61 276//61 140//61
f 276//61 134//61 140//61
f 20//62 19//62 276//62
f 19//62 277//62 276//62
f 276//62 277//62 134//62
f 19//62 18//63 277//62
f 277//62 133//62 134//62
f 18//63 278//63 277//62
f 277//62 278//63 133//62
f 18//63 17//64 278//63
f 278//63 132//63 133//62
f 17//64 279//64 278//63
f 278//63 279//64 132//63
f 17//64 16//65 279//64
f 279//64 131//64 132//63
f 16//65 280//65 279//64
f 279//64 280//65 131//64
f 16//65 14//66 280//65
f 280//65 130//65 131//64
f 14//66 281//66 280//65
f 280//65 281//66 130//65
f 14//66 12//67 281//66
f 281//66 128//66 130//65
f 12//67 282//67 281//66
f 281//66 282//67 128//66
f 282//67 126//67 128//66
f 12//68 13//68 282//68
f 13//68 283//68 282//68
f 282//68 283//68 126//68
f 283//68 127//68 126//68
f 13//69 15//69 283//69
f 15//69 284//69 283//69
f 283//69 284//69 127//69
f 284//69 129//69 127//69
f 15//70 21//70 284//70
f 21//70 285//70 284//70
f 284//70 285//70 129//70
f 285//70 135//70 129//70
f 21//71 23//71 285//71
f 23//71 286//71 285//71
f 285//71 286//71 135//71
f 286//71 136//71 135//71
f 23//72 25//72 286//72
f 25//72 287//72 286//72
f 286//72 287//72 136//72
f 287//72 137//72 136//72
f 25//73 26//73 287//73
f 26//73 288//73 287//73
f 287//73 288//73 137//73
f 288//73 138//73 137//73
f 26//74 27//74 288//74
f 27//74 289//74 288//74
f 288//74 289//74 138//74
f 289//74 139//74 138//74
f 27//75 28//75 289//75
f 28//75 290//75 289//75
f 289//75 290//75 139//75
f 290//75 141//75 139//75
f 28//76 29//76 290//76
f 29//76 291//76 290//76
f 290//76 291//76 141//76
f 291//76 143//76 141//76
f 29//77 89//77 291//77
f 89//77 292//77 291//77
f 291//77 292//77 143//77
f 89//77 86//78 292//77
f 292//77 203//77 143//77
f 86//78 293//78 292//77
f 292//77 293//78 203//77
f 86//78 85//79 293//78
f 293//78 198//78 203//77
f 85//79 294//79 293//78
f 293//78 294//79 198//78
f 85//79 84//80 294//79
f 294//79 199//79 198//78
f 84//80 295//80 294//79
f 294//79 295//80 199//79
f 84//80 87//81 295//80
f 295//80 200//80 199//79
f 87//81 296//81 295//80
f 295//80 296//81 200//80
f 87//81 91//82 296//81
f 296//81 201//81 200//80
f 91//82 297//82 296//81
f 296//81 297//82 201//81
f 91//82 90//83 297//82
f 297//82 205//82 201//81
f 90//83 298//83 297//82
f 297//82 298//83 205//82
f 90//83 92//84 298//83
f 298//83 204//83 205//82
f 92//84 299//84 298//83
f 298//83 299//84 204//83
f 299//84 206//84 204//83
f 92//85 88//85 299//85
f 88//85 300//85 299//85
f 299//85 300//85 206//85
f 300//85 202//85 206//85
f 88//86 102//86 300//86
f 102//86 301//86 300//86
f 300//86 301//86 202//86
f 301//86 215//86 202//86
f 102//87 100//87 301//87
f 100//87 302//87 301//87
f 301//87 302//87 215//87
f 302//87 214//87 215//87
f 100//88 101//88 302//88
f 101//88 303//88 302//88
f 302//88 303//88 214//88
f 101//88 97//89 303//88
f 303//88 216//88 214//88
f 97//89 304//89 303//88
f 303//88 304//89 216//88
f 97//89 99//90 304//89
f 304//89 211//89 216//88
f 99//90 305//90 304//89
f 304//89 305//90 211//89
f 99//90 98//91 305//90
f 305//90 213//90 211//89
f 98//91 306//91 305//90
f 305//90 306//91 213//90
f 306//91 212//91 213//90
f 98//92 93//92 306//92
f 93//92 307//92 306//92
f 306//92 307//92 212//92
f 93//92 96//93 307//92
f 307//92 207//92 212//92
f 96//93 308//93 307//92
f 307//92 308//93 207//92
f 96//93 94//94 308//93
f 308//93 210//93 207//92
f 94//94 309//94 308//93
f 308//93 309//94 210//93
f 94//94 95//95 309//94
f 309//94 208//94 210//93
f 95//95 310//95 309//94
f 309//94 310//95 208//94
f 95//95 11//96 310//95
f 310//95 209//95 208//94
f 11//96 311//96 310//95
f 310//95 311//96 209//95
f 11//96 104//97 311//96
f 311//96 119//96 209//95
f 104//97 312//97 311//96
f 311//96 312//97 119//96
f 104//97 105//98 312//97
f 312//97 121//97 119//96
f 105//98 313//98 312//97
f 312//97 313//98 121//97
f 313//98 122//98 121//97
f 105//99 103//99 313//99
f 103//99 314//99 313//99
f 313//99 314//99 122//99
f 314//99 120//99 122//99
f 103//100 108//100 314//100
f 108//100 315//100 314//100
f 314//100 315//100 120//100
f 315//100 124//100 120//100
f 108//101 106//101 315//101
f 106//101 316//101 315//101
f 315//101 316//101 124//101
f 316//101 123//101 124//101
f 106//102 107//102 316//102
f 107//102 317//102 316//102
f 316//102 317//102 123//102
f 317//102 125//102 123//102
f 107//103 6//103 317//103
f 6//103 318//103 317//103
f 317//103 318//103 125//103
f 318//103 114//103 125//103
f 6//104 10//104 318//104
f 10//104 319//104 318//104
f 318//104 319//104 114//104
f 10//104 8//105 319//104
f 319//104 118//104 114//104
f 8//105 320//105 319//104
f 319//104 320//105 118//104
f 8//105 9//106 320//105
f 320//105 116//105 118//104
f 9//106 321//106 320//105
f 320//105 321//106 116//105
f 9//106 5//107 321//106
f 321//106 117//106 116//105
f 5//107 322//107 321//106
f 321//106 322//107 117//106
f 5//107 7//108 322//107
f 322//107 113//107 117//106
f 7//108 323//108 322//107
f 322//107 323//108 113//107
f 7//108 4//109 323//108
f 323//108 115//108 113//107
f 4//109 324//109 323//108
f 323//108 324//109 115//108
f 324//109 112//109 115//108
f 4//110 3//110 324//110
f 3//110 226//110 324//110
f 324//110 226//110 112//110
f 226//110 109//110 112//110
f 325//1 326//1 327//1
f 325//1 327//1 328//1
f 329//1 328//1 327//1
f 330//1 329//1 327//1
f 331//1 330//1 327//1
f 332//1 331//1 327//1
f 332//1 327//1 333//1
f 327//1 334//1 333//1
f 334//1 335//1 333//1
f 335//1 336//1 333//1
f 327//1 337//1 334//1
f 327//1 338//1 337//1
f 327//1 339//1 338//1
f 327//1 340//1 339//1
f 327//1 341//1 340//1
f 327//1 342//1 341//1
f 342//1 327//1 343//1
f 332//1 333//1 344//1
f 332//1 345//1 331//1
f 345//1 346//1 331//1
f 342//1 343//1 347//1
f 343//1 348//1 347//1
f 349//1 332//1 344//1
f 349//1 350//1 332//1
f 350//1 351//1 332//1
f 350//1 352//1 351//1
f 352//1 353//1 351//1
f 352//1 354//1 353//1
f 350//1 355//1 352//1
f 350//1 356//1 355//1
f 350//1 357//1 356//1
f 352//1 358//1 354//1
f 358//1 359//1 354//1
f 357//1 360//1 356//1
f 357//1 361//1 360//1
f 357//1 362//1 361//1
f 357//1 363//1 362//1
f 357//1 364//1 363//1
f 357//1 365//1 364//1
f 357//1 325//1 365//1
f 350//1 366//1 357//1
f 325//1 328//1 365//1
f 328//1 367//1 365//1
f 357//1 368//1 325//1
f 368//1 369//1 325//1
f 369//1 370//1 325//1
f 368//1 371//1 369//1
f 357//1 372//1 368//1
f 372//1 373//1 368//1
f 357//1 374//1 372//1
f 366//1 375//1 357//1
f 375//1 376//1 357//1
f 375//1 377//1 376//1
f 377//1 378//1 376//1
f 376//1 379//1 357//1
f 376//1 380//1 379//1
f 379//1 381//1 357//1
f 382//1 383//1 366//1
f 384//1 382//1 366//1
f 384//1 385//1 382//1
f 350//1 384//1 366//1
f 350//1 386//1 384//1
f 386//1 387//1 384//1
f 350//1 388//1 386//1
f 389//1 390//1 350//1
f 391//1 389//1 350//1
f 391//1 392//1 389//1
f 349//1 391//1 350//1
f 393//1 394//1 349//1
f 395//1 393//1 349//1
f 395//1 349//1 344//1
f 395//1 344//1 396//1
f 395//1 396//1 397//1
f 395//1 397//1 398//1
f 395//1 398//1 399//1
f 399//1 400//1 395//1
f 395//1 401//1 393//1
f 401//1 402//1 393//1
f 395//1 403//1 401//1
f 400//1 404//1 395//1
f 400//1 405//1 404//1
f 404//1 406//1 395//1
f 404//1 407//1 406//1
f 404//1 408//1 407//1
f 407//1 409//1 406//1
f 409//1 410//1 406//1
f 410//1 411//1 406//1
f 411//1 412//1 406//1
f 411//1 413//1 412//1
f 413//1 414//1 412//1
f 414//1 415//1 412//1
f 415//1 416//1 412//1
f 416//1 417//1 412//1
f 417//1 418//1 412//1
f 418//1 342//1 412//1
f 406//1 419//1 395//1
f 419//1 420//1 395//1
f 420//1 421//1 395//1
f 419//1 422//1 420//1
f 406//1 423//1 419//1
f 423//1 424//1 419//1
f 406//1 425//1 423//1
f 342//1 426//1 412//1
f 342//1 427//1 426//1
f 426//1 428//1 412//1
f 428//1 429//1 412//1
f 342//1 430//1 427//1
f 342//1 347//1 430//1
f 347//1 431//1 430//1
f 347//1 432//1 431//1
f 431//1 433//1 430//1
f 412//1 434//1 406//1
f 412//1 435//1 434//1
f 412//1 436//1 435//1
f 412//1 437//1 436//1
f 436//1 438//1 435//1
f 435//1 439//1 434//1
f 435//1 440//1 439//1
f 434//1 441//1 406//1
f 434//1 442//1 441//1
f 442//1 443//1 441//1
f 441//1 444//1 406//1
f 441//1 445//1 444//1
f 444//1 446//1 406//1
f 447//2 448//2 449//2
f 450//2 447//2 449//2
f 447//2 450//2 451//2
f 447//2 451//2 452//2
f 447//2 452//2 453//2
f 447//2 453//2 454//2
f 455//2 447//2 454//2
f 455//2 456//2 447//2
f 455//2 457//2 456//2
f 455//2 458//2 457//2
f 456//2 459//2 447//2
f 459//2 460//2 447//2
f 460//2 461//2 447//2
f 461//2 462//2 447//2
f 462//2 463//2 447//2
f 463//2 464//2 447//2
f 465//2 447//2 464//2
f 466//2 455//2 454//2
f 453//2 467//2 454//2
f 453//2 468//2 467//2
f 469//2 465//2 464//2
f 469//2 470//2 465//2
f 466//2 454//2 471//2
f 466//2 471//2 472//2
f 473//2 466//2 472//2
f 474//2 473//2 472//2
f 475//2 474//2 472//2
f 476//2 475//2 472//2
f 472//2 477//2 476//2
f 472//2 478//2 477//2
f 478//2 479//2 477//2
f 454//2 480//2 471//2
f 454//2 481//2 480//2
f 481//2 482//2 480//2
f 481//2 483//2 482//2
f 483//2 484//2 482//2
f 482//2 485//2 480//2
f 485//2 486//2 480//2
f 486//2 487//2 480//2
f 484//2 488//2 482//2
f 484//2 489//2 488//2
f 486//2 490//2 487//2
f 490//2 491//2 487//2
f 491//2 492//2 487//2
f 492//2 493//2 487//2
f 493//2 494//2 487//2
f 494//2 495//2 487//2
f 495//2 449//2 487//2
f 487//2 496//2 480//2
f 495//2 450//2 449//2
f 495//2 497//2 450//2
f 449//2 498//2 487//2
f 449//2 499//2 498//2
f 449//2 500//2 499//2
f 499//2 501//2 498//2
f 498//2 502//2 487//2
f 498//2 503//2 502//2
f 502//2 504//2 487//2
f 487//2 505//2 496//2
f 487//2 506//2 505//2
f 506//2 507//2 505//2
f 506//2 508//2 507//2
f 487//2 509//2 506//2
f 487//2 510//2 509//2
f 509//2 511//2 506//2
f 496//2 512//2 513//2
f 496//2 513//2 514//2
f 513//2 515//2 514//2
f 496//2 514//2 480//2
f 514//2 516//2 480//2
f 514//2 517//2 516//2
f 516//2 518//2 480//2
f 480//2 519//2 520//2
f 480//2 520//2 521//2
f 520//2 522//2 521//2
f 480//2 521//2 471//2
f 471//2 523//2 524//2
f 471//2 524//2 472//2
f 524//2 525//2 472//2
f 524//2 526//2 525//2
f 525//2 527//2 472//2
f 472//2 528//2 529//2
f 472//2 529//2 530//2
f 529//2 531//2 530//2
f 472//2 530//2 532//2
f 472//2 532//2 478//2
f 530//2 533//2 532//2
f 530//2 534//2 533//2
f 533//2 535//2 532//2
f 532//2 536//2 478//2
f 532//2 537//2 536//2
f 536//2 538//2 478//2
f 532//2 539//2 537//2
f 532//2 540//2 539//2
f 532//2 541//2 540//2
f 541//2 542//2 540//2
f 541//2 543//2 542//2
f 541//2 544//2 543//2
f 541//2 545//2 544//2
f 541//2 546//2 545//2
f 541//2 547//2 546//2
f 541//2 464//2 547//2
f 541//2 548//2 464//2
f 548//2 549//2 464//2
f 541//2 550//2 548//2
f 541//2 551//2 550//2
f 549//2 552//2 464//2
f 552//2 469//2 464//2
f 552//2 553//2 469//2
f 552//2 554//2 553//2
f 553//2 555//2 469//2
f 556//2 557//2 541//2
f 558//2 556//2 541//2
f 558//2 559//2 556//2
f 560//2 558//2 541//2
f 532//2 560//2 541//2
f 560//2 561//2 558//2
f 561//2 562//2 558//2
f 532//2 563//2 560//2
f 563//2 564//2 560//2
f 563//2 565//2 564//2
f 532//2 566//2 563//2
f 532//2 567//2 566//2
f 566//2 568//2 563//2
f 326//111 325//111 569//111
f 325//111 570//111 569//111
f 569//111 570//111 448//111
f 325//111 370//112 570//111
f 570//111 449//111 448//111
f 370//112 571//112 570//111
f 570//111 571//112 449//111
f 370//112 369//113 571//112
f 571//112 500//112 449//111
f 369//113 572//113 571//112
f 571//112 572//113 500//112
f 369//113 371//114 572//113
f 572//113 499//113 500//112
f 371//114 573//114 572//113
f 572//113 573//114 499//113
f 371//114 368//115 573//114
f 573//114 501//114 499//113
f 368//115 574//115 573//114
f 573//114 574//115 501//114
f 368//115 373//116 574//115
f 574//115 498//115 501//114
f 373//116 575//116 574//115
f 574//115 575//116 498//115
f 373//116 372//117 575//116
f 575//116 503//116 498//115
f 372//117 576//117 575//116
f 575//116 576//117 503//116
f 372//117 374//118 576//117
f 576//117 502//117 503//116
f 374//118 577//118 576//117
f 576//117 577//118 502//117
f 374//118 357//119 577//118
f 577//118 504//118 502//117
f 357//119 578//119 577//118
f 577//118 578//119 504//118
f 578//119 487//119 504//118
f 357//120 381//120 578//120
f 381//120 579//120 578//120
f 578//120 579//120 487//120
f 579//120 510//120 487//120
f 381//121 379//121 579//121
f 379//121 580//121 579//121
f 579//121 580//121 510//121
f 580//121 509//121 510//121
f 379//122 380//122 580//122
f 380//122 581//122 580//122
f 580//122 581//122 509//122
f 581//122 511//122 509//122
f 380//123 376//123 581//123
f 376//123 582//123 581//123
f 581//123 582//123 511//123
f 582//123 506//123 511//123
f 376//124 378//124 582//124
f 378//124 583//124 582//124
f 582//124 583//124 506//124
f 583//124 508//124 506//124
f 378//125 377//125 583//125
f 377//125 584//125 583//125
f 583//125 584//125 508//125
f 377//125 375//126 584//125
f 584//125 507//125 508//125
f 375//126 585//126 584//125
f 584//125 585//126 507//125
f 375//126 366//127 585//126
f 585//126 505//126 507//125
f 366//127 586//127 585//126
f 585//126 586//127 505//126
f 366//127 383//128 586//127
f 586//127 496//127 505//126
f 383//128 587//128 586//127
f 586//127 587//128 496//127
f 383//128 382//129 587//128
f 587//128 512//128 496//127
f 382//129 588//129 587//128
f 587//128 588//129 512//128
f 382//129 385//130 588//129
f 588//129 513//129 512//128
f 385//130 589//130 588//129
f 588//129 589//130 513//129
f 385//130 384//131 589//130
f 589//130 515//130 513//129
f 384//131 590//131 589//130
f 589//130 590//131 515//130
f 590//131 514//131 515//130
f 384//132 387//132 590//132
f 387//132 591//132 590//132
f 590//132 591//132 514//132
f 591//132 517//132 514//132
f 387//133 386//133 591//133
f 386//133 592//133 591//133
f 591//133 592//133 517//133
f 592//133 516//133 517//133
f 386//134 388//134 592//134
f 388//134 593//134 592//134
f 592//134 593//134 516//134
f 593//134 518//134 516//134
f 388//135 350//135 593//135
f 350//135 594//135 593//135
f 593//135 594//135 518//135
f 594//135 480//135 518//135
f 350//136 390//136 594//136
f 390//136 595//136 594//136
f 594//136 595//136 480//136
f 390//136 389//137 595//136
f 595//136 519//136 480//136
f 389//137 596//137 595//136
f 595//136 596//137 519//136
f 389//137 392//138 596//137
f 596//137 520//137 519//136
f 392//138 597//138 596//137
f 596//137 597//138 520//137
f 392//138 391//139 597//138
f 597//138 522//138 520//137
f 391//139 598//139 597//138
f 597//138 598//139 522//138
f 391//139 349//140 598//139
f 598//139 521//139 522//138
f 349//140 599//140 598//139
f 598//139 599//140 521//139
f 599//140 471//140 521//139
f 349//141 394//141 599//141
f 394//141 600//141 599//141
f 599//141 600//141 471//141
f 394//141 393//142 600//141
f 600//141 523//141 471//141
f 393//142 601//142 600//141
f 600//141 601//142 523//141
f 393//142 402//143 601//142
f 601//142 524//142 523//141
f 402//143 602//143 601//142
f 601//142 602//143 524//142
f 402//143 401//144 602//143
f 602//143 526//143 524//142
f 401//144 603//144 602//143
f 602//143 603//144 526//143
f 401//144 403//145 603//144
f 603//144 525//144 526//143
f 403//145 604//145 603//144
f 603//144 604//145 525//144
f 604//145 527//145 525//144
f 403//146 395//146 604//146
f 395//146 605//146 604//146
f 604//146 605//146 527//146
f 605//146 472//146 527//146
f 395//147 421//147 605//147
f 421//147 606//147 605//147
f 605//147 606//147 472//147
f 606//147 528//147 472//147
f 421//148 420//148 606//148
f 420//148 607//148 606//148
f 606//148 607//148 528//148
f 607//148 529//148 528//148
f 420//149 422//149 607//149
f 422//149 608//149 607//149
f 607//149 608//149 529//149
f 422//149 419//150 608//149
f 608//149 531//149 529//149
f 419//150 609//150 608//149
f 608//149 609//150 531//149
f 419//150 424//151 609//150
f 609//150 530//150 531//149
f 424//151 610//151 609//150
f 609//150 610//151 530//150
f 424//151 423//152 610//151
f 610//151 534//151 530//150
f 423//152 611//152 610//151
f 610//151 611//152 534//151
f 423//152 425//153 611//152
f 611//152 533//152 534//151
f 425//153 612//153 611//152
f 611//152 612//153 533//152
f 612//153 535//153 533//152
f 425//154 406//154 612//154
f 406//154 613//154 612//154
f 612//154 613//154 535//154
f 613//154 532//154 535//154
f 406//155 446//155 613//155
f 446//155 614//155 613//155
f 613//155 614//155 532//155
f 614//155 567//155 532//155
f 446//156 444//156 614//156
f 444//156 615//156 614//156
f 614//156 615//156 567//156
f 615//156 566//156 567//156
f 444//157 445//157 615//157
f 445//157 616//157 615//157
f 615//157 616//157 566//157
f 445//157 441//158 616//157
f 616//157 568//157 566//157
f 441//158 617//158 616//157
f 616//157 617//158 568//157
f 441//158 443//159 617//158
f 617//158 563//158 568//157
f 443//159 618//159 617//158
f 617//158 618//159 563//158
f 443//159 442//160 618//159
f 618//159 565//159 563//158
f 442//160 619//160 618//159
f 618//159 619//160 565//159
f 442//160 434//161 619//160
f 619//160 564//160 565//159
f 434//161 620//161 619//160
f 619//160 620//161 564//160
f 434//161 439//162 620//161
f 620//161 560//161 564//160
f 439//162 621//162 620//161
f 620//161 621//162 560//161
f 439//162 440//163 621//162
f 621//162 561//162 560//161
f 440//163 622//163 621//162
f 621//162 622//163 561//162
f 622//163 562//163 561//162
f 440//164 435//164 622//164
f 435//164 623//164 622//164
f 622//164 623//164 562//164
f 623//164 558//164 562//164
f 435//165 438//165 623//165
f 438//165 624//165 623//165
f 623//165 624//165 558//165
f 624//165 559//165 558//165
f 438//166 436//166 624//166
f 436//166 625//166 624//166
f 624//166 625//166 559//166
f 625//166 556//166 559//166
f 436//167 437//167 625//167
f 437//167 626//167 625//167
f 625//167 626//167 556//167
f 437//167 412//168 626//167
f 626//167 557//167 556//167
f 412//168 627//168 626//167
f 626//167 627//168 557//167
f 412//168 429//169 627//168
f 627//168 541//168 557//167
f 429//169 628//169 627//168
f 627//168 628//169 541//168
f 429//169 428//170 628//169
f 628//169 551//169 541//168
f 428//170 629//170 628//169
f 628//169 629//170 551//169
f 428//170 426//171 629//170
f 629//170 550//170 551//169
f 426//171 630//171 629//170
f 629//170 630//171 550//170
f 426//171 427//172 630//171
f 630//171 548//171 550//170
f 427//172 631//172 630//171
f 630//171 631//172 548//171
f 427//172 430//173 631//172
f 631//172 549//172 548//171
f 430//173 632//173 631//172
f 631//172 632//173 549//172
f 632//173 552//173 549//172
f 430//174 433//174 632//174
f 433//174 633//174 632//174
f 632//174 633//174 552//174
f 433//174 431//175 633//174
f 633//174 554//174 552//174
f 431//175 634//175 633//174
f 633//174 634//175 554//174
f 431//175 432//176 634//175
f 634//175 553//175 554//174
f 432//176 635//176 634//175
f 634//175 635//176 553//175
f 432//176 347//177 635//176
f 635//176 555//176 553//175
f 347//177 636//177 635//176
f 635//176 636//177 555//176
f 347//177 348//178 636//177
f 636//177 469//177 555//176
f 348//178 637//178 636//177
f 636//177 637//178 469//177
f 348//178 343//179 637//178
f 637//178 470//178 469//177
f 343//179 638//179 637//178
f 637//178 638//179 470//178
f 638//179 465//179 470//178
f 343//180 327//180 638//180
f 327//180 639//180 638//180
f 638//180 639//180 465//180
f 639//180 447//180 465//180
f 327//181 326//181 639//181
f 326//181 569//181 639//181
f 639//181 569//181 447//181
f 569//181 448//181 447//181
f 640//182 478//182 538//183
f 641//183 640//182 538//183
f 404//182 640//182 641//183
f 641//183 538//183 536//184
f 408//183 404//182 641//183
f 642//184 641//183 536//184
f 408//183 641//183 642//184
f 642//184 536//184 537//185
f 407//184 408//183 642//184
f 643//185 642//184 537//185
f 407//184 642//184 643//185
f 643//185 537//185 539//185
f 409//185 407//184 643//185
f 644//185 643//185 539//185
f 409//185 643//185 644//185
f 644//185 539//185 540//186
f 410//185 409//185 644//185
f 645//186 644//185 540//186
f 410//185 644//185 645//186
f 411//186 410//185 645//186
f 404//187 405//187 640//187
f 405//187 646//187 640//187
f 640//187 646//187 478//187
f 405//187 400//188 646//187
f 646//187 479//187 478//187
f 400//188 647//188 646//187
f 646//187 647//188 479//187
f 400//188 399//189 647//188
f 647//188 477//188 479//187
f 399//189 648//189 647//188
f 647//188 648//189 477//188
f 399//189 398//190 648//189
f 648//189 476//189 477//188
f 398//190 649//190 648//189
f 648//189 649//190 476//189
f 649//190 475//190 476//189
f 398//191 397//191 649//191
f 397//191 650//191 649//191
f 649//191 650//191 475//191
f 650//191 474//191 475//191
f 397//192 396//192 650//192
f 396//192 651//192 650//192
f 650//192 651//192 474//192
f 651//192 473//192 474//192
f 396//193 344//193 651//193
f 344//193 652//193 651//193
f 651//193 652//193 473//193
f 652//193 466//193 473//193
f 344//194 333//194 652//194
f 333//194 653//194 652//194
f 652//194 653//194 466//194
f 653//194 455//194 466//194
f 333//195 336//195 653//195
f 336//195 654//195 653//195
f 653//195 654//195 455//195
f 654//195 458//195 455//195
f 336//196 335//196 654//196
f 335//196 655//196 654//196
f 654//196 655//196 458//196
f 335//196 334//197 655//196
f 655//196 457//196 458//196
f 334//197 656//197 655//196
f 655//196 656//197 457//196
f 334//197 337//198 656//197
f 656//197 456//197 457//196
f 337//198 657//198 656//197
f 656//197 657//198 456//197
f 337//198 338//199 657//198
f 657//198 459//198 456//197
f 338//199 658//199 657//198
f 657//198 658//199 459//198
f 338//199 339//200 658//199
f 658//199 460//199 459//198
f 339//200 659//200 658//199
f 658//199 659//200 460//199
f 339//200 340//201 659//200
f 659//200 461//200 460//199
f 340//201 660//201 659//200
f 659//200 660//201 461//200
f 340//201 341//202 660//201
f 660//201 462//201 461//200
f 341//202 661//202 660//201
f 660//201 661//202 462//201
f 341//202 342//203 661//202
f 661//202 463//202 462//201
f 342//203 662//203 661//202
f 661//202 662//203 463//202
f 662//203 464//203 463//202
f 342//204 418//204 662//204
f 418//204 663//204 662//204
f 662//204 663//204 464//204
f 663//204 547//204 464//204
f 418//205 417//205 663//205
f 417//205 664//205 663//205
f 663//205 664//205 547//205
f 417//205 416//206 664//205
f 664//205 546//205 547//205
f 416//206 665//206 664//205
f 664//205 665//206 546//205
f 416//206 415//207 665//206
f 665//206 545//206 546//205
f 415//207 666//207 665//206
f 665//206 666//207 545//206
f 415//207 414//208 666//207
f 666//207 544//207 545//206
f 414//208 667//208 666//207
f 666//207 667//208 544//207
f 414//208 413//209 667//208
f 667//208 543//208 544//207
f 413//209 668//209 667//208
f 667//208 668//209 543//208
f 668//209 542//209 543//208
f 413//210 411//210 668//210
f 411//210 645//210 668//210
f 668//210 645//210 542//210
f 645//210 540//210 542//210
f 331//211 346//211 669//211
f 346//211 670//211 669//211
f 669//211 670//211 453//211
f 346//211 345//212 670//211
f 670//211 468//211 453//211
f 345//212 671//212 670//211
f 670//211 671//212 468//211
f 345//212 332//213 671//212
f 671//212 467//212 468//211
f 332//213 672//213 671//212
f 671//212 672//213 467//212
f 672//213 454//213 467//212
f 332//214 351//214 672//214
f 351//214 673//214 672//214
f 672//214 673//214 454//214
f 351//214 353//215 673//214
f 673//214 481//214 454//214
f 353//215 674//215 673//214
f 673//214 674//215 481//214
f 353//215 354//216 674//215
f 674//215 483//215 481//214
f 354//216 675//216 674//215
f 674//215 675//216 483//215
f 354//216 359//217 675//216
f 675//216 484//216 483//215
f 359//217 676//217 675//216
f 675//216 676//217 484//216
f 359//217 358//218 676//217
f 676//217 489//217 484//216
f 358//218 677//218 676//217
f 676//217 677//218 489//217
f 677//218 488//218 489//217
f 358//219 352//219 677//219
f 352//219 678//219 677//219
f 677//219 678//219 488//219
f 678//219 482//219 488//219
f 352//220 355//220 678//220
f 355//220 679//220 678//220
f 678//220 679//220 482//220
f 679//220 485//220 482//220
f 355//221 356//221 679//221
f 356//221 680//221 679//221
f 679//221 680//221 485//221
f 680//221 486//221 485//221
f 356//222 360//222 680//222
f 360//222 681//222 680//222
f 680//222 681//222 486//222
f 681//222 490//222 486//222
f 360//223 361//223 681//223
f 361//223 682//223 681//223
f 681//223 682//223 490//223
f 361//223 362//224 682//223
f 682//223 491//223 490//223
f 362//224 683//224 682//223
f 682//223 683//224 491//223
f 362//224 363//225 683//224
f 683//224 492//224 491//223
f 363//225 684//225 683//224
f 683//224 684//225 492//224
f 363//225 364//226 684//225
f 684//225 493//225 492//224
f 364//226 685//226 684//225
f 684//225 685//226 493//225
f 364//226 365//227 685//226
f 685//226 494//226 493//225
f 365//227 686//227 685//226
f 685//226 686//227 494//226
f 686//227 495//227 494//226
f 365//228 367//228 686//228
f 367//228 687//228 686//228
f 686//228 687//228 495//228
f 367//228 328//229 687//228
f 687//228 497//228 495//228
f 328//229 688//229 687//228
f 687//228 688//229 497//228
f 328//229 329//230 688//229
f 688//229 450//229 497//228
f 329//230 689//230 688//229
f 688//229 689//230 450//229
f 329//230 330//231 689//230
f 689//230 451//230 450//229
f 330//231 690//231 689//230
f 689//230 690//231 451//230
f 690//231 452//231 451//230
f 330//232 331//232 690//232
f 331//232 669//232 690//232
f 690//232 669//232 452//232
f 669//232 453//232 452//232
f 691//1 692//1 693//1
f 691//1 693//1 694//1
f 691//1 694//1 695//1
f 694//1 696//1 695//1
f 691//1 695//1 697//1
f 691//1 697//1 698//1
f 699//1 691//1 698//1
f 699//1 700//1 691//1
f 700//1 701//1 691//1
f 701//1 702//1 691//1
f 702//1 703//1 691//1
f 703//1 704//1 691//1
f 705//1 699//1 698//1
f 698//1 706//1 705//1
f 705//1 707//1 699//1
f 705//1 708//1 707//1
f 705//1 709//1 708//1
f 705//1 710//1 709//1
f 705//1 711//1 710//1
f 698//1 712//1 706//1
f 705//1 713//1 711//1
f 712//1 714//1 706//1
f 704//1 715//1 691//1
f 704//1 716//1 715//1
f 704//1 717//1 716//1
f 716//1 718//1 715//1
f 718//1 719//1 715//1
f 715//1 720//1 691//1
f 715//1 721//1 720//1
f 715//1 722//1 721//1
f 721//1 723//1 720//1
f 720//1 724//1 691//1
f 720//1 725//1 724//1
f 724//1 726//1 691//1
f 714//1 727//1 706//1
f 714//1 728//1 727//1
f 714//1 729//1 728//1
f 728//1 730//1 727//1
f 727//1 731//1 706//1
f 727//1 732//1 731//1
f 731//1 733//1 706//1
f 706//1 734//1 735//1
f 706//1 735//1 736//1
f 706//1 736//1 737//1
f 735//1 738//1 736//1
f 736//1 739//1 737//1
f 736//1 740//1 739//1
f 739//1 741//1 737//1
f 706//1 737//1 742//1
f 706//1 742//1 743//1
f 706//1 743//1 744//1
f 706//1 744//1 745//1
f 706//1 745//1 746//1
f 745//1 747//1 746//1
f 706//1 746//1 748//1
f 706//1 748//1 705//1
f 748//1 749//1 705//1
f 749//1 750//1 705//1
f 737//1 751//1 742//1
f 751//1 752//1 742//1
f 737//1 753//1 751//1
f 737//1 754//1 753//1
f 753//1 755//1 751//1
f 705//1 756//1 757//1
f 705//1 757//1 758//1
f 757//1 759//1 758//1
f 705//1 758//1 713//1
f 758//1 760//1 713//1
f 758//1 761//1 760//1
f 760//1 762//1 713//1
f 763//2 764//2 765//2
f 766//2 763//2 765//2
f 767//2 766//2 765//2
f 767//2 768//2 766//2
f 769//2 767//2 765//2
f 770//2 769//2 765//2
f 770//2 765//2 771//2
f 765//2 772//2 771//2
f 765//2 773//2 772//2
f 765//2 774//2 773//2
f 765//2 775//2 774//2
f 765//2 776//2 775//2
f 770//2 771//2 777//2
f 777//2 778//2 770//2
f 771//2 779//2 777//2
f 779//2 780//2 777//2
f 780//2 781//2 777//2
f 781//2 782//2 777//2
f 782//2 783//2 777//2
f 778//2 784//2 770//2
f 783//2 785//2 777//2
f 778//2 786//2 784//2
f 765//2 787//2 776//2
f 787//2 788//2 776//2
f 788//2 789//2 776//2
f 787//2 790//2 788//2
f 787//2 791//2 790//2
f 765//2 792//2 787//2
f 765//2 793//2 792//2
f 765//2 794//2 793//2
f 793//2 795//2 792//2
f 792//2 796//2 787//2
f 792//2 797//2 796//2
f 796//2 798//2 787//2
f 799//2 800//2 786//2
f 801//2 799//2 786//2
f 801//2 802//2 799//2
f 778//2 801//2 786//2
f 778//2 803//2 801//2
f 803//2 804//2 801//2
f 778//2 805//2 803//2
f 806//2 807//2 778//2
f 808//2 806//2 778//2
f 809//2 808//2 778//2
f 808//2 810//2 806//2
f 809//2 811//2 808//2
f 811//2 812//2 808//2
f 809//2 813//2 811//2
f 814//2 809//2 778//2
f 815//2 814//2 778//2
f 816//2 815//2 778//2
f 817//2 816//2 778//2
f 818//2 817//2 778//2
f 818//2 819//2 817//2
f 820//2 818//2 778//2
f 777//2 820//2 778//2
f 777//2 821//2 820//2
f 777//2 822//2 821//2
f 814//2 823//2 809//2
f 814//2 824//2 823//2
f 823//2 825//2 809//2
f 823//2 826//2 825//2
f 825//2 827//2 809//2
f 828//2 829//2 777//2
f 830//2 828//2 777//2
f 830//2 831//2 828//2
f 785//2 830//2 777//2
f 785//2 832//2 830//2
f 785//2 833//2 832//2
f 832//2 834//2 830//2
f 692//233 691//233 835//233
f 691//233 836//233 835//233
f 835//233 836//233 764//233
f 691//233 726//234 836//233
f 836//233 765//233 764//233
f 726//234 837//234 836//233
f 836//233 837//234 765//233
f 726//234 724//235 837//234
f 837//234 794//234 765//233
f 724//235 838//235 837//234
f 837//234 838//235 794//234
f 724//235 725//236 838//235
f 838//235 793//235 794//234
f 725//236 839//236 838//235
f 838//235 839//236 793//235
f 725//236 720//237 839//236
f 839//236 795//236 793//235
f 720//237 840//237 839//236
f 839//236 840//237 795//236
f 720//237 723//238 840//237
f 840//237 792//237 795//236
f 723//238 841//238 840//237
f 840//237 841//238 792//237
f 723//238 721//239 841//238
f 841//238 797//238 792//237
f 721//239 842//239 841//238
f 841//238 842//239 797//238
f 721//239 722//240 842//239
f 842//239 796//239 797//238
f 722//240 843//240 842//239
f 842//239 843//240 796//239
f 722//240 715//241 843//240
f 843//240 798//240 796//239
f 715//241 844//241 843//240
f 843//240 844//241 798//240
f 715//241 719//242 844//241
f 844//241 787//241 798//240
f 719//242 845//242 844//241
f 844//241 845//242 787//241
f 845//242 791//242 787//241
f 719//243 718//243 845//243
f 718//243 846//243 845//243
f 845//243 846//243 791//243
f 846//243 790//243 791//243
f 718//244 716//244 846//244
f 716//244 847//244 846//244
f 846//244 847//244 790//244
f 716//244 717//245 847//244
f 847//244 788//244 790//244
f 717//245 848//245 847//244
f 847//244 848//245 788//244
f 717//245 704//246 848//245
f 848//245 789//245 788//244
f 704//246 849//246 848//245
f 848//245 849//246 789//245
f 704//246 703//247 849//246
f 849//246 776//246 789//245
f 703//247 850//247 849//246
f 849//246 850//247 776//246
f 703//247 702//248 850//247
f 850//247 775//247 776//246
f 702//248 851//248 850//247
f 850//247 851//248 775//247
f 702//248 701//249 851//248
f 851//248 774//248 775//247
f 701//249 852//249 851//248
f 851//248 852//249 774//248
f 852//249 773//249 774//248
f 701//250 700//250 852//250
f 700//250 853//250 852//250
f 852//250 853//250 773//250
f 853//250 772//250 773//250
f 700//251 699//251 853//251
f 699//251 854//251 853//251
f 853//251 854//251 772//251
f 854//251 771//251 772//251
f 699//252 707//252 854//252
f 707//252 855//252 854//252
f 854//252 855//252 771//252
f 707//252 708//253 855//252
f 855//252 779//252 771//252
f 708//253 856//253 855//252
f 855//252 856//253 779//252
f 708//253 709//254 856//253
f 856//253 780//253 779//252
f 709//254 857//254 856//253
f 856//253 857//254 780//253
f 709//254 710//255 857//254
f 857//254 781//254 780//253
f 710//255 858//255 857//254
f 857//254 858//255 781//254
f 710//255 711//256 858//255
f 858//255 782//255 781//254
f 711//256 859//256 858//255
f 858//255 859//256 782//255
f 711//256 713//257 859//256
f 859//256 783//256 782//255
f 713//257 860//257 859//256
f 859//256 860//257 783//256
f 713//257 762//258 860//257
f 860//257 785//257 783//256
f 762//258 861//258 860//257
f 860//257 861//258 785//257
f 762//258 760//259 861//258
f 861//258 833//258 785//257
f 760//259 862//259 861//258
f 861//258 862//259 833//258
f 760//259 761//260 862//259
f 862//259 832//259 833//258
f 761//260 863//260 862//259
f 862//259 863//260 832//259
f 761//260 758//261 863//260
f 863//260 834//260 832//259
f 758//261 864//261 863//260
f 863//260 864//261 834//260
f 864//261 830//261 834//260
f 758//262 759//262 864//262
f 759//262 865//262 864//262
f 864//262 865//262 830//262
f 865//262 831//262 830//262
f 759//263 757//263 865//263
f 757//263 866//263 865//263
f 865//263 866//263 831//263
f 866//263 828//263 831//263
f 757//264 756//264 866//264
f 756//264 867//264 866//264
f 866//264 867//264 828//264
f 756//264 705//265 867//264
f 867//264 829//264 828//264
f 705//265 868//265 867//264
f 867//264 868//265 829//264
f 705//265 750//266 868//265
f 868//265 777//265 829//264
f 750//266 869//266 868//265
f 868//265 869//266 777//265
f 750//266 749//267 869//266
f 869//266 822//266 777//265
f 749//267 870//267 869//266
f 869//266 870//267 822//266
f 749//267 748//268 870//267
f 870//267 821//267 822//266
f 748//268 871//268 870//267
f 870//267 871//268 821//267
f 748//268 746//269 871//268
f 871//268 820//268 821//267
f 746//269 872//269 871//268
f 871//268 872//269 820//268
f 746//269 747//270 872//269
f 872//269 818//269 820//268
f 747//270 873//270 872//269
f 872//269 873//270 818//269
f 747//270 745//271 873//270
f 873//270 819//270 818//269
f 745//271 874//271 873//270
f 873//270 874//271 819//270
f 874//271 817//271 819//270
f 745//272 744//272 874//272
f 744//272 875//272 874//272
f 874//272 875//272 817//272
f 875//272 816//272 817//272
f 744//273 743//273 875//273
f 743//273 876//273 875//273
f 875//273 876//273 816//273
f 876//273 815//273 816//273
f 743//274 742//274 876//274
f 742//274 877//274 876//274
f 876//274 877//274 815//274
f 877//274 814//274 815//274
f 742//275 752//275 877//275
f 752//275 878//275 877//275
f 877//275 878//275 814//275
f 878//275 824//275 814//275
f 752//276 751//276 878//276
f 751//276 879//276 878//276
f 878//276 879//276 824//276
f 879//276 823//276 824//276
f 751//277 755//277 879//277
f 755//277 880//277 879//277
f 879//277 880//277 823//277
f 755//277 753//278 880//277
f 880//277 826//277 823//277
f 753//278 881//278 880//277
f 880//277 881//278 826//277
f 753//278 754//279 881//278
f 881//278 825//278 826//277
f 754//279 882//279 881//278
f 881//278 882//279 825//278
f 754//279 737//280 882//279
f 882//279 827//279 825//278
f 737//280 883//280 882//279
f 882//279 883//280 827//279
f 883//280 809//280 827//279
f 737//281 741//281 883//281
f 741//281 884//281 883//281
f 883//281 884//281 809//281
f 884//281 813//281 809//281
f 741//282 739//282 884//282
f 739//282 885//282 884//282
f 884//282 885//282 813//282
f 885//282 811//282 813//282
f 739//283 740//283 885//283
f 740//283 886//283 885//283
f 885//283 886//283 811//283
f 886//283 812//283 811//283
f 740//284 736//284 886//284
f 736//284 887//284 886//284
f 886//284 887//284 812//284
f 736//284 738//285 887//284
f 887//284 808//284 812//284
f 738//285 888//285 887//284
f 887//284 888//285 808//284
f 738//285 735//286 888//285
f 888//285 810//285 808//284
f 735//286 889//286 888//285
f 888//285 889//286 810//285
f 735//286 734//287 889//286
f 889//286 806//286 810//285
f 734//287 890//287 889//286
f 889//286 890//287 806//286
f 734//287 706//288 890//287
f 890//287 807//287 806//286
f 706//288 891//288 890//287
f 890//287 891//288 807//287
f 706//288 733//289 891//288
f 891//288 778//288 807//287
f 733//289 892//289 891//288
f 891//288 892//289 778//288
f 733//289 731//290 892//289
f 892//289 805//289 778//288
f 731//290 893//290 892//289
f 892//289 893//290 805//289
f 893//290 803//290 805//289
f 731//291 732//291 893//291
f 732//291 894//291 893//291
f 893//291 894//291 803//291
f 894//291 804//291 803//291
f 732//292 727//292 894//292
f 727//292 895//292 894//292
f 894//292 895//292 804//292
f 895//292 801//292 804//292
f 727//293 730//293 895//293
f 730//293 896//293 895//293
f 895//293 896//293 801//293
f 896//293 802//293 801//293
f 730//294 728//294 896//294
f 728//294 897//294 896//294
f 896//294 897//294 802//294
f 728//294 729//295 897//294
f 897//294 799//294 802//294
f 729//295 898//295 897//294
f 897//294 898//295 799//294
f 729//295 714//296 898//295
f 898//295 800//295 799//294
f 714//296 899//296 898//295
f 898//295 899//296 800//295
f 714//296 712//297 899//296
f 899//296 786//296 800//295
f 712//297 900//297 899//296
f 899//296 900//297 786//296
f 712//297 698//298 900//297
f 900//297 784//297 786//296
f 698//298 901//298 900//297
f 900//297 901//298 784//297
f 901//298 770//298 784//297
f 698//299 697//299 901//299
f 697//299 902//299 901//299
f 901//299 902//299 770//299
f 697//299 695//300 902//299
f 902//299 769//299 770//299
f 695//300 903//300 902//299
f 902//299 903//300 769//299
f 695//300 696//301 903//300
f 903//300 767//300 769//299
f 696//301 904//301 903//300
f 903//300 904//301 767//300
f 696//301 694//302 904//301
f 904//301 768//301 767//300
f 694//302 905//302 904//301
f 904//301 905//302 768//301
f 694//302 693//303 905//302
f 905//302 766//302 768//301
f 693//303 906//303 905//302
f 905//302 906//303 766//302
f 906//303 763//303 766//302
f 693//304 692//304 906//304
f 692//304 835//304 906//304
f 906//304 835//304 763//304
f 835//304 764//304 763//304
f 907//1 908//1 909//1
f 910//1 907//1 909//1
f 910//1 911//1 907//1
f 912//1 910//1 909//1
f 912//1 913//1 910//1
f 912//1 909//1 914//1
f 912//1 914//1 915//1
f 912//1 915//1 916//1
f 909//1 917//1 914//1
f 909//1 918//1 917//1
f 912//1 916//1 919//1
f 912//1 919//1 920//1
f 909//1 921//1 918//1
f 922//1 912//1 920//1
f 922//1 920//1 923//1
f 922//1 923//1 924//1
f 922//1 924//1 925//1
f 922//1 925//1 926//1
f 922//1 926//1 927//1
f 922//1 927//1 928//1
f 922//1 928//1 929//1
f 922//1 929//1 930//1
f 930//1 931//1 922//1
f 931//1 932//1 922//1
f 932//1 933//1 922//1
f 933//1 934//1 922//1
f 934//1 935//1 922//1
f 935//1 936//1 922//1
f 936//1 937//1 922//1
f 937//1 938//1 922//1
f 938//1 939//1 922//1
f 938//1 940//1 939//1
f 940//1 941//1 939//1
f 941//1 942//1 939//1
f 942//1 943//1 939//1
f 943//1 944//1 939//1
f 944//1 945//1 939//1
f 945//1 946//1 939//1
f 946//1 947//1 939//1
f 947//1 948//1 939//1
f 947//1 949//1 948//1
f 939//1 950//1 922//1
f 939//1 951//1 950//1
f 950//1 952//1 922//1
f 948//1 953//1 939//1
f 953//1 954//1 939//1
f 954//1 955//1 939//1
f 953//1 956//1 954//1
f 948//1 909//1 953//1
f 909//1 957//1 953//1
f 948//1 958//1 909//1
f 909//1 958//1 959//1
f 909//1 959//1 960//1
f 909//1 960//1 921//1
f 960//1 961//1 921//1
f 961//1 962//1 921//1
f 922//1 963//1 964//1
f 922//1 964//1 965//1
f 964//1 966//1 965//1
f 922//1 965//1 912//1
f 965//1 967//1 912//1
f 965//1 968//1 967//1
f 965//1 969//1 968//1
f 968//1 970//1 967//1
f 967//1 971//1 912//1
f 967//1 972//1 971//1
f 971//1 973//1 912//1
f 974//2 975//2 976//2
f 974//2 976//2 977//2
f 976//2 978//2 977//2
f 974//2 977//2 979//2
f 977//2 980//2 979//2
f 981//2 974//2 979//2
f 981//2 982//2 974//2
f 982//2 983//2 974//2
f 984//2 981//2 979//2
f 985//2 984//2 979//2
f 986//2 985//2 979//2
f 987//2 986//2 979//2
f 983//2 988//2 974//2
f 987//2 979//2 989//2
f 990//2 987//2 989//2
f 991//2 990//2 989//2
f 992//2 991//2 989//2
f 993//2 992//2 989//2
f 994//2 993//2 989//2
f 995//2 994//2 989//2
f 996//2 995//2 989//2
f 997//2 996//2 989//2
f 989//2 998//2 997//2
f 989//2 999//2 998//2
f 989//2 1000//2 999//2
f 989//2 1001//2 1000//2
f 989//2 1002//2 1001//2
f 989//2 1003//2 1002//2
f 989//2 1004//2 1003//2
f 989//2 1005//2 1004//2
f 989//2 1006//2 1005//2
f 1006//2 1007//2 1005//2
f 1006//2 1008//2 1007//2
f 1006//2 1009//2 1008//2
f 1006//2 1010//2 1009//2
f 1006//2 1011//2 1010//2
f 1006//2 1012//2 1011//2
f 1006//2 1013//2 1012//2
f 1006//2 1014//2 1013//2
f 1006//2 1015//2 1014//2
f 1015//2 1016//2 1014//2
f 989//2 1017//2 1006//2
f 989//2 1018//2 1017//2
f 1017//2 1019//2 1006//2
f 1006//2 1020//2 1015//2
f 1006//2 1021//2 1020//2
f 1006//2 1022//2 1021//2
f 1021//2 1023//2 1020//2
f 1020//2 974//2 1015//2
f 1020//2 1024//2 974//2
f 974//2 1025//2 1015//2
f 1026//2 1025//2 974//2
f 1027//2 1026//2 974//2
f 988//2 1027//2 974//2
f 988//2 1028//2 1027//2
f 988//2 1029//2 1028//2
f 979//2 1030//2 1031//2
f 979//2 1031//2 1032//2
f 1031//2 1033//2 1032//2
f 979//2 1032//2 1034//2
f 979//2 1034//2 989//2
f 1032//2 1035//2 1034//2
f 1032//2 1036//2 1035//2
f 1035//2 1037//2 1034//2
f 1034//2 1038//2 989//2
f 1034//2 1039//2 1038//2
f 1038//2 1040//2 989//2
f 1041//305 1031//305 1030//306
f 1042//306 1041//305 1030//306
f 971//305 1041//305 1042//306
f 1042//306 1030//306 979//307
f 973//306 971//305 1042//306
f 1043//307 1042//306 979//307
f 973//306 1042//306 1043//307
f 1043//307 979//307 980//308
f 912//307 973//306 1043//307
f 1044//308 1043//307 980//308
f 912//307 1043//307 1044//308
f 1044//308 980//308 977//309
f 913//308 912//307 1044//308
f 1045//309 1044//308 977//309
f 913//308 1044//308 1045//309
f 1045//309 977//309 978//310
f 910//309 913//308 1045//309
f 1046//310 1045//309 978//310
f 910//309 1045//309 1046//310
f 1046//310 978//310 976//311
f 911//310 910//309 1046//310
f 1047//311 1046//310 976//311
f 911//310 1046//310 1047//311
f 1047//311 976//311 975//311
f 907//311 911//310 1047//311
f 1048//311 1047//311 975//311
f 907//311 1047//311 1048//311
f 1048//311 975//311 974//312
f 908//311 907//311 1048//311
f 1049//312 1048//311 974//312
f 908//311 1048//311 1049//312
f 909//312 908//311 1049//312
f 971//313 972//313 1041//313
f 972//313 1050//313 1041//313
f 1041//313 1050//313 1031//313
f 1050//313 1033//313 1031//313
f 972//314 967//314 1050//314
f 967//314 1051//314 1050//314
f 1050//314 1051//314 1033//314
f 1051//314 1032//314 1033//314
f 967//315 970//315 1051//315
f 970//315 1052//315 1051//315
f 1051//315 1052//315 1032//315
f 970//315 968//316 1052//315
f 1052//315 1036//315 1032//315
f 968//316 1053//316 1052//315
f 1052//315 1053//316 1036//315
f 968//316 969//317 1053//316
f 1053//316 1035//316 1036//315
f 969//317 1054//317 1053//316
f 1053//316 1054//317 1035//316
f 969//317 965//318 1054//317
f 1054//317 1037//317 1035//316
f 965//318 1055//318 1054//317
f 1054//317 1055//318 1037//317
f 965//318 966//319 1055//318
f 1055//318 1034//318 1037//317
f 966//319 1056//319 1055//318
f 1055//318 1056//319 1034//318
f 966//319 964//320 1056//319
f 1056//319 1039//319 1034//318
f 964//320 1057//320 1056//319
f 1056//319 1057//320 1039//319
f 1057//320 1038//320 1039//319
f 964//321 963//321 1057//321
f 963//321 1058//321 1057//321
f 1057//321 1058//321 1038//321
f 1058//321 1040//321 1038//321
f 963//322 922//322 1058//322
f 922//322 1059//322 1058//322
f 1058//322 1059//322 1040//322
f 922//322 952//323 1059//322
f 1059//322 989//322 1040//322
f 952//323 1060//323 1059//322
f 1059//322 1060//323 989//322
f 952//323 950//324 1060//323
f 1060//323 1018//323 989//322
f 950//324 1061//324 1060//323
f 1060//323 1061//324 1018//323
f 950//324 951//325 1061//324
f 1061//324 1017//324 1018//323
f 951//325 1062//325 1061//324
f 1061//324 1062//325 1017//324
f 951//325 939//326 1062//325
f 1062//325 1019//325 1017//324
f 939//326 1063//326 1062//325
f 1062//325 1063//326 1019//325
f 1063//326 1006//326 1019//325
f 939//327 955//327 1063//327
f 955//327 1064//327 1063//327
f 1063//327 1064//327 1006//327
f 1064//327 1022//327 1006//327
f 955//328 954//328 1064//328
f 954//328 1065//328 1064//328
f 1064//328 1065//328 1022//328
f 954//328 956//329 1065//328
f 1065//328 1021//328 1022//328
f 956//329 1066//329 1065//328
f 1065//328 1066//329 1021//328
f 956//329 953//330 1066//329
f 1066//329 1023//329 1021//328
f 953//330 1067//330 1066//329
f 1066//329 1067//330 1023//329
f 953//330 957//331 1067//330
f 1067//330 1020//330 1023//329
f 957//331 1068//331 1067//330
f 1067//330 1068//331 1020//330
f 957//331 909//332 1068//331
f 1068//331 1024//331 1020//330
f 909//332 1049//332 1068//331
f 1068//331 1049//332 1024//331
f 1049//332 974//332 1024//331
f 1069//333 1010//333 1011//334
f 1070//334 1069//333 1011//334
f 943//333 1069//333 1070//334
f 1070//334 1011//334 1012//335
f 944//334 943//333 1070//334
f 1071//335 1070//334 1012//335
f 944//334 1070//334 1071//335
f 1071//335 1012//335 1013//336
f 945//335 944//334 1071//335
f 1072//336 1071//335 1013//336
f 945//335 1071//335 1072//336
f 1072//336 1013//336 1014//337
f 946//336 945//335 1072//336
f 1073//337 1072//336 1014//337
f 946//336 1072//336 1073//337
f 1073//337 1014//337 1016//338
f 947//337 946//336 1073//337
f 1074//338 1073//337 1016//338
f 947//337 1073//337 1074//338
f 1074//338 1016//338 1015//338
f 949//338 947//337 1074//338
f 1075//338 1074//338 1015//338
f 949//338 1074//338 1075//338
f 1075//338 1015//338 1025//339
f 948//338 949//338 1075//338
f 1076//339 1075//338 1025//339
f 948//338 1075//338 1076//339
f 958//339 948//338 1076//339
f 943//340 942//340 1069//340
f 942//340 1077//340 1069//340
f 1069//340 1077//340 1010//340
f 1077//340 1009//340 1010//340
f 942//341 941//341 1077//341
f 941//341 1078//341 1077//341
f 1077//341 1078//341 1009//341
f 1078//341 1008//341 1009//341
f 941//342 940//342 1078//342
f 940//342 1079//342 1078//342
f 1078//342 1079//342 1008//342
f 1079//342 1007//342 1008//342
f 940//343 938//343 1079//343
f 938//343 1080//343 1079//343
f 1079//343 1080//343 1007//343
f 1080//343 1005//343 1007//343
f 938//344 937//344 1080//344
f 937//344 1081//344 1080//344
f 1080//344 1081//344 1005//344
f 1081//344 1004//344 1005//344
f 937//345 936//345 1081//345
f 936//345 1082//345 1081//345
f 1081//345 1082//345 1004//345
f 936//345 935//346 1082//345
f 1082//345 1003//345 1004//345
f 935//346 1083//346 1082//345
f 1082//345 1083//346 1003//345
f 935//346 934//347 1083//346
f 1083//346 1002//346 1003//345
f 934//347 1084//347 1083//346
f 1083//346 1084//347 1002//346
f 934//347 933//348 1084//347
f 1084//347 1001//347 1002//346
f 933//348 1085//348 1084//347
f 1084//347 1085//348 1001//347
f 933//348 932//349 1085//348
f 1085//348 1000//348 1001//347
f 932//349 1086//349 1085//348
f 1085//348 1086//349 1000//348
f 932//349 931//350 1086//349
f 1086//349 999//349 1000//348
f 931//350 1087//350 1086//349
f 1086//349 1087//350 999//349
f 931//350 930//351 1087//350
f 1087//350 998//350 999//349
f 930//351 1088//351 1087//350
f 1087//350 1088//351 998//350
f 1088//351 997//351 998//350
f 930//352 929//352 1088//352
f 929//352 1089//352 1088//352
f 1088//352 1089//352 997//352
f 1089//352 996//352 997//352
f 929//353 928//353 1089//353
f 928//353 1090//353 1089//353
f 1089//353 1090//353 996//353
f 1090//353 995//353 996//353
f 928//354 927//354 1090//354
f 927//354 1091//354 1090//354
f 1090//354 1091//354 995//354
f 1091//354 994//354 995//354
f 927//355 926//355 1091//355
f 926//355 1092//355 1091//355
f 1091//355 1092//355 994//355
f 926//355 925//356 1092//355
f 1092//355 993//355 994//355
f 925//356 1093//356 1092//355
f 1092//355 1093//356 993//355
f 925//356 924//357 1093//356
f 1093//356 992//356 993//355
f 924//357 1094//357 1093//356
f 1093//356 1094//357 992//356
f 924//357 923//358 1094//357
f 1094//357 991//357 992//356
f 923//358 1095//358 1094//357
f 1094//357 1095//358 991//357
f 1095//358 990//358 991//357
f 923//359 920//359 1095//359
f 920//359 1096//359 1095//359
f 1095//359 1096//359 990//359
f 1096//359 987//359 990//359
f 920//360 919//360 1096//360
f 919//360 1097//360 1096//360
f 1096//360 1097//360 987//360
f 1097//360 986//360 987//360
f 919//361 916//361 1097//361
f 916//361 1098//361 1097//361
f 1097//361 1098//361 986//361
f 1098//361 985//361 986//361
f 916//362 915//362 1098//362
f 915//362 1099//362 1098//362
f 1098//362 1099//362 985//362
f 1099//362 984//362 985//362
f 915//363 914//363 1099//363
f 914//363 1100//363 1099//363
f 1099//363 1100//363 984//363
f 1100//363 981//363 984//363
f 914//364 917//364 1100//364
f 917//364 1101//364 1100//364
f 1100//364 1101//364 981//364
f 1101//364 982//364 981//364
f 917//365 918//365 1101//365
f 918//365 1102//365 1101//365
f 1101//365 1102//365 982//365
f 918//365 921//366 1102//365
f 1102//365 983//365 982//365
f 921//366 1103//366 1102//365
f 1102//365 1103//366 983//365
f 921//366 962//367 1103//366
f 1103//366 988//366 983//365
f 962//367 1104//367 1103//366
f 1103//366 1104//367 988//366
f 962//367 961//368 1104//367
f 1104//367 1029//367 988//366
f 961//368 1105//368 1104//367
f 1104//367 1105//368 1029//367
f 961//368 960//369 1105//368
f 1105//368 1028//368 1029//367
f 960//369 1106//369 1105//368
f 1105//368 1106//369 1028//368
f 960//369 959//370 1106//369
f 1106//369 1027//369 1028//368
f 959//370 1107//370 1106//369
f 1106//369 1107//370 1027//369
f 1107//370 1026//370 1027//369
f 959//371 958//371 1107//371
f 958//371 1076//371 1107//371
f 1107//371 1076//371 1026//371
f 1076//371 1025//371 1026//371
# Vertices: 1107, normals: 371, texture coordinates: 0, faces: 2210

